barcode,invoice_number,sale_date,quantity_sold,selling_price,discount,total_amount
8901001,INV-00005,2026-05-08,3,68,10.2,193.8
8901006,INV-00422,2026-05-08,1,118,5.9,112.1
8901012,INV-00546,2026-05-08,1,42,0,42
8901020,INV-00646,2026-05-08,3,56,0,168
8901033,INV-00913,2026-05-08,1,155,7.75,147.25
8901061,INV-01505,2026-05-08,1,42,0,42
8901004,INV-00342,2026-05-09,3,28,0,84
8901051,INV-01185,2026-05-09,3,270,81.0,729.0
8901057,INV-01383,2026-05-09,1,165,0,165
8901060,INV-01465,2026-05-09,1,348,0,348
8901003,INV-00255,2026-05-10,3,272,0,816
8901012,INV-00543,2026-05-10,2,42,0,84
8901030,INV-00680,2026-05-10,5,20,5.0,95.0
8901030,INV-00698,2026-05-10,5,20,5.0,95.0
8901034,INV-00994,2026-05-10,4,42,16.8,151.2
8901060,INV-01460,2026-05-10,2,348,0,696
8901002,INV-00177,2026-05-11,5,52,0,260
8901012,INV-00538,2026-05-11,1,42,0,42
8901013,INV-00598,2026-05-11,3,92,27.6,248.4
8901031,INV-00783,2026-05-11,3,85,0,255
8901054,INV-01297,2026-05-11,3,172,0,516
8901061,INV-01502,2026-05-11,2,42,0,84
8901066,INV-01702,2026-05-11,1,56,0,56
8901003,INV-00285,2026-05-12,2,272,0,544
8901004,INV-00332,2026-05-12,2,28,0,56
8901012,INV-00549,2026-05-12,1,42,0,42
8901013,INV-00572,2026-05-12,1,92,0,92
8901030,INV-00703,2026-05-12,1,20,2.0,18.0
8901033,INV-00900,2026-05-12,1,155,0,155
8901001,INV-00022,2026-05-13,3,68,0,204
8901002,INV-00196,2026-05-13,5,52,0,260
8901006,INV-00434,2026-05-13,3,118,0,354
8901013,INV-00601,2026-05-13,1,92,0,92
8901031,INV-00794,2026-05-13,3,85,25.5,229.5
8901035,INV-01050,2026-05-13,3,19,2.85,54.15
8901052,INV-01217,2026-05-13,3,180,0,540
8901054,INV-01299,2026-05-13,2,172,0,344
8901061,INV-01480,2026-05-13,2,42,8.4,75.6
8901061,INV-01524,2026-05-13,2,42,0,84
8901001,INV-00087,2026-05-14,3,68,0,204
8901002,INV-00189,2026-05-14,3,52,0,156
8901002,INV-00212,2026-05-14,2,52,0,104
8901005,INV-00384,2026-05-14,1,128,0,128
8901010,INV-00489,2026-05-14,1,90,0,90
8901010,INV-00490,2026-05-14,1,90,0,90
8901030,INV-00744,2026-05-14,3,20,0,60
8901031,INV-00754,2026-05-14,4,85,0,340
8901035,INV-01079,2026-05-14,4,19,0,76
8901035,INV-01092,2026-05-14,1,19,0,19
8901054,INV-01294,2026-05-14,2,172,34.4,309.6
8901054,INV-01302,2026-05-14,2,172,0,344
8901058,INV-01404,2026-05-14,3,205,0,615
8901061,INV-01497,2026-05-14,1,42,0,42
8901061,INV-01503,2026-05-14,3,42,0,126
8901062,INV-01586,2026-05-14,4,23,4.6,87.4
8901063,INV-01617,2026-05-14,2,38,0,76
8901066,INV-01715,2026-05-14,2,56,0,112
8901001,INV-00071,2026-05-15,3,68,0,204
8901002,INV-00195,2026-05-15,3,52,0,156
8901005,INV-00365,2026-05-15,2,128,0,256
8901006,INV-00448,2026-05-15,2,118,11.8,224.2
8901012,INV-00553,2026-05-15,2,42,0,84
8901020,INV-00639,2026-05-15,2,56,11.2,100.8
8901030,INV-00694,2026-05-15,4,20,4.0,76.0
8901030,INV-00722,2026-05-15,2,20,0,40
8901033,INV-00903,2026-05-15,1,155,0,155
8901034,INV-00941,2026-05-15,4,42,0,168
8901034,INV-00965,2026-05-15,1,42,0,42
8901035,INV-01071,2026-05-15,2,19,0,38
8901050,INV-01115,2026-05-15,1,32,0,32
8901050,INV-01153,2026-05-15,5,32,0,160
8901051,INV-01190,2026-05-15,2,270,0,540
8901056,INV-01359,2026-05-15,3,395,0,1185
8901057,INV-01366,2026-05-15,3,165,0,495
8901057,INV-01368,2026-05-15,2,165,0,330
8901059,INV-01429,2026-05-15,1,270,0,270
8901059,INV-01444,2026-05-15,1,270,0,270
8901062,INV-01568,2026-05-15,2,23,2.3,43.7
8901066,INV-01691,2026-05-15,2,56,0,112
8901002,INV-00126,2026-05-16,3,52,15.6,140.4
8901003,INV-00267,2026-05-16,3,272,0,816
8901020,INV-00643,2026-05-16,3,56,0,168
8901030,INV-00753,2026-05-16,5,20,10.0,90.0
8901031,INV-00809,2026-05-16,5,85,0,425
8901034,INV-00979,2026-05-16,3,42,12.6,113.4
8901035,INV-01036,2026-05-16,3,19,0,57
8901035,INV-01043,2026-05-16,5,19,4.75,90.25
8901035,INV-01078,2026-05-16,2,19,0,38
8901050,INV-01109,2026-05-16,2,32,0,64
8901055,INV-01337,2026-05-16,3,94,0,282
8901057,INV-01393,2026-05-16,1,165,0,165
8901062,INV-01593,2026-05-16,5,23,0,115
8901006,INV-00440,2026-05-17,1,118,5.9,112.1
8901006,INV-00455,2026-05-17,2,118,11.8,224.2
8901010,INV-00477,2026-05-17,2,90,0,180
8901012,INV-00562,2026-05-17,1,42,0,42
8901033,INV-00908,2026-05-17,1,155,0,155
8901035,INV-01009,2026-05-17,1,19,0,19
8901054,INV-01288,2026-05-17,1,172,0,172
8901059,INV-01422,2026-05-17,1,270,0,270
8901059,INV-01441,2026-05-17,2,270,27.0,513.0
8901059,INV-01446,2026-05-17,2,270,0,540
8901059,INV-01452,2026-05-17,2,270,0,540
8901001,INV-00077,2026-05-18,4,68,0,272
8901001,INV-00083,2026-05-18,1,68,0,68
8901001,INV-00101,2026-05-18,5,68,0,340
8901001,INV-00103,2026-05-18,2,68,13.6,122.4
8901003,INV-00235,2026-05-18,2,272,27.2,516.8
8901006,INV-00439,2026-05-18,1,118,0,118
8901013,INV-00622,2026-05-18,1,92,0,92
8901030,INV-00734,2026-05-18,2,20,0,40
8901035,INV-01010,2026-05-18,5,19,0,95
8901035,INV-01080,2026-05-18,2,19,0,38
8901056,INV-01349,2026-05-18,3,395,0,1185
8901064,INV-01641,2026-05-18,1,176,0,176
8901002,INV-00138,2026-05-19,2,52,0,104
8901004,INV-00307,2026-05-19,2,28,0,56
8901005,INV-00403,2026-05-19,3,128,19.2,364.8
8901030,INV-00710,2026-05-19,3,20,0,60
8901030,INV-00721,2026-05-19,3,20,3.0,57.0
8901031,INV-00760,2026-05-19,3,85,25.5,229.5
8901032,INV-00844,2026-05-19,3,158,0,474
8901057,INV-01386,2026-05-19,2,165,33.0,297.0
8901062,INV-01540,2026-05-19,3,23,0,69
8901062,INV-01577,2026-05-19,1,23,0,23
8901062,INV-01584,2026-05-19,3,23,0,69
8901065,INV-01675,2026-05-19,1,128,0,128
8901001,INV-00029,2026-05-20,3,68,0,204
8901002,INV-00142,2026-05-20,2,52,5.2,98.8
8901010,INV-00469,2026-05-20,1,90,0,90
8901031,INV-00790,2026-05-20,3,85,0,255
8901035,INV-01015,2026-05-20,3,19,2.85,54.15
8901035,INV-01017,2026-05-20,2,19,1.9,36.1
8901035,INV-01077,2026-05-20,3,19,0,57
8901052,INV-01213,2026-05-20,1,180,18.0,162.0
8901054,INV-01260,2026-05-20,2,172,0,344
8901055,INV-01322,2026-05-20,1,94,0,94
8901057,INV-01390,2026-05-20,1,165,0,165
8901060,INV-01471,2026-05-20,2,348,34.8,661.2
8901061,INV-01479,2026-05-20,1,42,0,42
8901003,INV-00263,2026-05-21,3,272,0,816
8901004,INV-00331,2026-05-21,4,28,5.6,106.4
8901012,INV-00560,2026-05-21,1,42,0,42
8901020,INV-00647,2026-05-21,2,56,0,112
8901030,INV-00742,2026-05-21,2,20,2.0,38.0
8901032,INV-00820,2026-05-21,5,158,0,790
8901034,INV-01001,2026-05-21,2,42,0,84
8901035,INV-01059,2026-05-21,3,19,0,57
8901035,INV-01082,2026-05-21,2,19,0,38
8901040,INV-01093,2026-05-21,3,645,0,1935
8901059,INV-01448,2026-05-21,2,270,0,540
8901061,INV-01510,2026-05-21,1,42,0,42
8901001,INV-00124,2026-05-22,4,68,0,272
8901004,INV-00315,2026-05-22,1,28,0,28
8901005,INV-00398,2026-05-22,3,128,0,384
8901010,INV-00487,2026-05-22,1,90,9.0,81.0
8901030,INV-00716,2026-05-22,2,20,0,40
8901032,INV-00848,2026-05-22,2,158,0,316
8901035,INV-01062,2026-05-22,3,19,0,57
8901050,INV-01101,2026-05-22,3,32,0,96
8901050,INV-01105,2026-05-22,4,32,12.8,115.2
8901051,INV-01184,2026-05-22,2,270,0,540
8901054,INV-01296,2026-05-22,1,172,0,172
8901057,INV-01370,2026-05-22,2,165,33.0,297.0
8901065,INV-01673,2026-05-22,2,128,12.8,243.2
8901001,INV-00003,2026-05-23,4,68,0,272
8901001,INV-00057,2026-05-23,3,68,0,204
8901001,INV-00066,2026-05-23,1,68,0,68
8901013,INV-00587,2026-05-23,2,92,0,184
8901030,INV-00737,2026-05-23,4,20,0,80
8901033,INV-00882,2026-05-23,1,155,15.5,139.5
8901034,INV-00982,2026-05-23,2,42,0,84
8901034,INV-00992,2026-05-23,3,42,0,126
8901050,INV-01112,2026-05-23,5,32,16.0,144.0
8901051,INV-01165,2026-05-23,1,270,0,270
8901051,INV-01177,2026-05-23,1,270,0,270
8901052,INV-01197,2026-05-23,2,180,0,360
8901058,INV-01400,2026-05-23,1,205,0,205
8901059,INV-01454,2026-05-23,1,270,0,270
8901060,INV-01458,2026-05-23,1,348,0,348
8901063,INV-01610,2026-05-23,1,38,0,38
8901063,INV-01620,2026-05-23,1,38,1.9,36.1
8901063,INV-01625,2026-05-23,2,38,0,76
8901064,INV-01644,2026-05-23,1,176,0,176
8901001,INV-00058,2026-05-24,1,68,0,68
8901002,INV-00211,2026-05-24,3,52,0,156
8901003,INV-00272,2026-05-24,1,272,0,272
8901006,INV-00444,2026-05-24,2,118,0,236
8901013,INV-00582,2026-05-24,1,92,0,92
8901013,INV-00620,2026-05-24,1,92,0,92
8901031,INV-00764,2026-05-24,2,85,0,170
8901053,INV-01247,2026-05-24,2,705,0,1410
8901055,INV-01310,2026-05-24,1,94,0,94
8901004,INV-00333,2026-05-25,2,28,0,56
8901005,INV-00385,2026-05-25,2,128,0,256
8901006,INV-00421,2026-05-25,2,118,0,236
8901006,INV-00436,2026-05-25,1,118,0,118
8901006,INV-00445,2026-05-25,1,118,0,118
8901011,INV-00507,2026-05-25,2,99,0,198
8901013,INV-00592,2026-05-25,3,92,27.6,248.4
8901020,INV-00650,2026-05-25,1,56,2.8,53.2
8901032,INV-00863,2026-05-25,3,158,0,474
8901032,INV-00873,2026-05-25,2,158,31.6,284.4
8901034,INV-00937,2026-05-25,2,42,0,84
8901035,INV-01068,2026-05-25,2,19,0,38
8901035,INV-01088,2026-05-25,3,19,0,57
8901042,INV-01095,2026-05-25,1,399,39.9,359.1
8901051,INV-01170,2026-05-25,1,270,0,270
8901051,INV-01188,2026-05-25,2,270,27.0,513.0
8901052,INV-01199,2026-05-25,1,180,0,180
8901058,INV-01412,2026-05-25,3,205,0,615
8901062,INV-01543,2026-05-25,3,23,0,69
8901064,INV-01632,2026-05-25,2,176,0,352
8901066,INV-01694,2026-05-25,1,56,0,56
8901001,INV-00067,2026-05-26,4,68,13.6,258.4
8901001,INV-00085,2026-05-26,2,68,6.8,129.2
8901002,INV-00214,2026-05-26,2,52,0,104
8901003,INV-00292,2026-05-26,2,272,0,544
8901011,INV-00510,2026-05-26,3,99,14.85,282.15
8901011,INV-00533,2026-05-26,3,99,0,297
8901012,INV-00534,2026-05-26,1,42,2.1,39.9
8901020,INV-00630,2026-05-26,3,56,16.8,151.2
8901030,INV-00732,2026-05-26,4,20,4.0,76.0
8901032,INV-00831,2026-05-26,3,158,0,474
8901034,INV-00968,2026-05-26,3,42,0,126
8901050,INV-01126,2026-05-26,3,32,9.6,86.4
8901051,INV-01178,2026-05-26,2,270,0,540
8901052,INV-01210,2026-05-26,3,180,0,540
8901061,INV-01482,2026-05-26,2,42,0,84
8901062,INV-01579,2026-05-26,2,23,2.3,43.7
8901001,INV-00056,2026-05-27,5,68,0,340
8901002,INV-00129,2026-05-27,3,52,0,156
8901010,INV-00476,2026-05-27,1,90,4.5,85.5
8901010,INV-00485,2026-05-27,3,90,0,270
8901012,INV-00542,2026-05-27,1,42,0,42
8901021,INV-00651,2026-05-27,1,58,2.9,55.1
8901030,INV-00720,2026-05-27,2,20,0,40
8901032,INV-00871,2026-05-27,5,158,39.5,750.5
8901035,INV-01024,2026-05-27,2,19,3.8,34.2
8901051,INV-01179,2026-05-27,3,270,0,810
8901052,INV-01225,2026-05-27,1,180,0,180
8901062,INV-01552,2026-05-27,3,23,0,69
8901062,INV-01558,2026-05-27,3,23,0,69
8901064,INV-01643,2026-05-27,1,176,17.6,158.4
8901066,INV-01700,2026-05-27,2,56,0,112
8901001,INV-00117,2026-05-28,4,68,0,272
8901002,INV-00216,2026-05-28,4,52,0,208
8901002,INV-00221,2026-05-28,5,52,26.0,234.0
8901011,INV-00504,2026-05-28,3,99,0,297
8901020,INV-00644,2026-05-28,1,56,0,56
8901030,INV-00705,2026-05-28,3,20,3.0,57.0
8901031,INV-00781,2026-05-28,3,85,0,255
8901031,INV-00818,2026-05-28,4,85,0,340
8901032,INV-00847,2026-05-28,1,158,7.9,150.1
8901032,INV-00859,2026-05-28,1,158,0,158
8901032,INV-00869,2026-05-28,1,158,0,158
8901033,INV-00916,2026-05-28,2,155,0,310
8901050,INV-01114,2026-05-28,2,32,0,64
8901050,INV-01132,2026-05-28,4,32,0,128
8901053,INV-01257,2026-05-28,2,705,70.5,1339.5
8901062,INV-01545,2026-05-28,3,23,0,69
8901062,INV-01553,2026-05-28,2,23,0,46
8901062,INV-01585,2026-05-28,2,23,0,46
8901062,INV-01596,2026-05-28,3,23,0,69
8901001,INV-00004,2026-05-29,1,68,0,68
8901001,INV-00026,2026-05-29,3,68,0,204
8901004,INV-00343,2026-05-29,2,28,0,56
8901006,INV-00453,2026-05-29,3,118,17.7,336.3
8901010,INV-00471,2026-05-29,2,90,0,180
8901034,INV-00954,2026-05-29,1,42,0,42
8901051,INV-01186,2026-05-29,1,270,27.0,243.0
8901052,INV-01216,2026-05-29,2,180,36.0,324.0
8901056,INV-01361,2026-05-29,1,395,0,395
8901058,INV-01410,2026-05-29,1,205,0,205
8901063,INV-01606,2026-05-29,1,38,1.9,36.1
8901064,INV-01654,2026-05-29,3,176,0,528
8901001,INV-00016,2026-05-30,2,68,6.8,129.2
8901002,INV-00135,2026-05-30,1,52,2.6,49.4
8901012,INV-00552,2026-05-30,1,42,0,42
8901020,INV-00645,2026-05-30,1,56,0,56
8901035,INV-01056,2026-05-30,4,19,0,76
8901050,INV-01118,2026-05-30,1,32,0,32
8901058,INV-01397,2026-05-30,3,205,0,615
8901058,INV-01406,2026-05-30,1,205,20.5,184.5
8901059,INV-01420,2026-05-30,1,270,0,270
8901060,INV-01470,2026-05-30,1,348,0,348
8901002,INV-00133,2026-05-31,3,52,0,156
8901002,INV-00150,2026-05-31,3,52,7.8,148.2
8901004,INV-00311,2026-05-31,4,28,5.6,106.4
8901004,INV-00318,2026-05-31,2,28,2.8,53.2
8901004,INV-00321,2026-05-31,1,28,0,28
8901004,INV-00358,2026-05-31,1,28,0,28
8901006,INV-00454,2026-05-31,2,118,23.6,212.4
8901013,INV-00623,2026-05-31,1,92,4.6,87.4
8901030,INV-00702,2026-05-31,1,20,0,20
8901030,INV-00723,2026-05-31,2,20,4.0,36.0
8901030,INV-00729,2026-05-31,3,20,0,60
8901031,INV-00768,2026-05-31,2,85,8.5,161.5
8901032,INV-00877,2026-05-31,2,158,0,316
8901034,INV-00953,2026-05-31,1,42,0,42
8901035,INV-01035,2026-05-31,3,19,0,57
8901035,INV-01046,2026-05-31,4,19,0,76
8901057,INV-01388,2026-05-31,3,165,0,495
8901058,INV-01396,2026-05-31,1,205,10.25,194.75
8901059,INV-01424,2026-05-31,2,270,0,540
8901059,INV-01453,2026-05-31,1,270,0,270
8901060,INV-01462,2026-05-31,3,348,52.2,991.8
8901061,INV-01489,2026-05-31,1,42,2.1,39.9
8901062,INV-01537,2026-05-31,3,23,0,69
8901062,INV-01565,2026-05-31,4,23,0,92
8901062,INV-01567,2026-05-31,4,23,0,92
8901062,INV-01572,2026-05-31,5,23,0,115
8901065,INV-01671,2026-05-31,3,128,0,384
8901001,INV-00049,2026-06-01,1,68,0,68
8901002,INV-00134,2026-06-01,3,52,0,156
8901005,INV-00394,2026-06-01,1,128,0,128
8901011,INV-00524,2026-06-01,3,99,0,297
8901012,INV-00567,2026-06-01,2,42,0,84
8901030,INV-00701,2026-06-01,3,20,0,60
8901031,INV-00776,2026-06-01,3,85,25.5,229.5
8901033,INV-00893,2026-06-01,2,155,0,310
8901035,INV-01072,2026-06-01,4,19,3.8,72.2
8901050,INV-01135,2026-06-01,5,32,0,160
8901051,INV-01192,2026-06-01,1,270,13.5,256.5
8901056,INV-01352,2026-06-01,1,395,0,395
8901056,INV-01356,2026-06-01,2,395,0,790
8901057,INV-01392,2026-06-01,1,165,0,165
8901059,INV-01423,2026-06-01,1,270,0,270
8901065,INV-01665,2026-06-01,1,128,0,128
8901066,INV-01688,2026-06-01,2,56,5.6,106.4
8901066,INV-01704,2026-06-01,1,56,2.8,53.2
8901001,INV-00033,2026-06-02,4,68,27.2,244.8
8901001,INV-00040,2026-06-02,2,68,0,136
8901002,INV-00190,2026-06-02,4,52,10.4,197.6
8901002,INV-00219,2026-06-02,3,52,7.8,148.2
8901002,INV-00227,2026-06-02,1,52,0,52
8901010,INV-00474,2026-06-02,1,90,0,90
8901020,INV-00632,2026-06-02,3,56,0,168
8901021,INV-00655,2026-06-02,1,58,5.8,52.2
8901030,INV-00728,2026-06-02,5,20,0,100
8901031,INV-00812,2026-06-02,3,85,25.5,229.5
8901032,INV-00865,2026-06-02,3,158,0,474
8901034,INV-00928,2026-06-02,3,42,0,126
8901034,INV-00939,2026-06-02,2,42,0,84
8901034,INV-00942,2026-06-02,3,42,0,126
8901035,INV-01064,2026-06-02,3,19,0,57
8901050,INV-01117,2026-06-02,2,32,0,64
8901058,INV-01417,2026-06-02,3,205,0,615
8901061,INV-01513,2026-06-02,1,42,0,42
8901062,INV-01549,2026-06-02,5,23,0,115
8901062,INV-01592,2026-06-02,1,23,0,23
8901066,INV-01699,2026-06-02,1,56,0,56
8901001,INV-00030,2026-06-03,2,68,0,136
8901002,INV-00198,2026-06-03,2,52,5.2,98.8
8901003,INV-00247,2026-06-03,5,272,0,1360
8901003,INV-00250,2026-06-03,3,272,0,816
8901003,INV-00297,2026-06-03,2,272,0,544
8901004,INV-00319,2026-06-03,5,28,0,140
8901010,INV-00488,2026-06-03,2,90,0,180
8901012,INV-00554,2026-06-03,1,42,2.1,39.9
8901020,INV-00629,2026-06-03,3,56,0,168
8901030,INV-00677,2026-06-03,3,20,6.0,54.0
8901035,INV-01061,2026-06-03,2,19,1.9,36.1
8901035,INV-01087,2026-06-03,1,19,0,19
8901053,INV-01256,2026-06-03,3,705,0,2115
8901057,INV-01381,2026-06-03,1,165,8.25,156.75
8901061,INV-01495,2026-06-03,1,42,2.1,39.9
8901061,INV-01512,2026-06-03,1,42,2.1,39.9
8901065,INV-01678,2026-06-03,1,128,0,128
8901066,INV-01709,2026-06-03,1,56,0,56
8901002,INV-00157,2026-06-04,3,52,15.6,140.4
8901002,INV-00185,2026-06-04,4,52,0,208
8901010,INV-00461,2026-06-04,1,90,9.0,81.0
8901010,INV-00482,2026-06-04,1,90,0,90
8901030,INV-00713,2026-06-04,3,20,6.0,54.0
8901030,INV-00751,2026-06-04,2,20,0,40
8901032,INV-00862,2026-06-04,5,158,0,790
8901034,INV-00929,2026-06-04,4,42,0,168
8901059,INV-01419,2026-06-04,3,270,81.0,729.0
8901060,INV-01468,2026-06-04,3,348,0,1044
8901066,INV-01689,2026-06-04,3,56,0,168
8901066,INV-01706,2026-06-04,2,56,0,112
8901001,INV-00013,2026-06-05,3,68,0,204
8901001,INV-00052,2026-06-05,3,68,20.4,183.6
8901001,INV-00090,2026-06-05,2,68,0,136
8901001,INV-00119,2026-06-05,5,68,34.0,306.0
8901002,INV-00154,2026-06-05,4,52,0,208
8901002,INV-00200,2026-06-05,1,52,0,52
8901013,INV-00594,2026-06-05,3,92,0,276
8901020,INV-00642,2026-06-05,2,56,0,112
8901030,INV-00738,2026-06-05,2,20,0,40
8901031,INV-00793,2026-06-05,3,85,0,255
8901031,INV-00800,2026-06-05,1,85,0,85
8901033,INV-00902,2026-06-05,1,155,15.5,139.5
8901034,INV-00996,2026-06-05,1,42,0,42
8901035,INV-01032,2026-06-05,5,19,0,95
8901035,INV-01038,2026-06-05,1,19,1.9,17.1
8901054,INV-01276,2026-06-05,3,172,25.8,490.2
8901058,INV-01409,2026-06-05,1,205,0,205
8901062,INV-01533,2026-06-05,3,23,6.9,62.1
8901062,INV-01594,2026-06-05,5,23,0,115
8901063,INV-01607,2026-06-05,1,38,0,38
8901001,INV-00046,2026-06-06,1,68,0,68
8901001,INV-00094,2026-06-06,1,68,0,68
8901003,INV-00241,2026-06-06,3,272,0,816
8901004,INV-00314,2026-06-06,3,28,0,84
8901004,INV-00347,2026-06-06,2,28,0,56
8901030,INV-00671,2026-06-06,4,20,0,80
8901031,INV-00777,2026-06-06,4,85,0,340
8901034,INV-00945,2026-06-06,3,42,0,126
8901055,INV-01313,2026-06-06,1,94,0,94
8901057,INV-01372,2026-06-06,1,165,8.25,156.75
8901062,INV-01588,2026-06-06,2,23,4.6,41.4
8901063,INV-01614,2026-06-06,1,38,0,38
8901001,INV-00089,2026-06-07,3,68,20.4,183.6
8901003,INV-00278,2026-06-07,4,272,0,1088
8901004,INV-00339,2026-06-07,3,28,0,84
8901005,INV-00364,2026-06-07,2,128,0,256
8901005,INV-00381,2026-06-07,1,128,0,128
8901005,INV-00395,2026-06-07,2,128,0,256
8901011,INV-00521,2026-06-07,3,99,0,297
8901020,INV-00637,2026-06-07,1,56,0,56
8901033,INV-00912,2026-06-07,1,155,0,155
8901050,INV-01111,2026-06-07,2,32,0,64
8901056,INV-01354,2026-06-07,2,395,79.0,711.0
8901060,INV-01472,2026-06-07,1,348,0,348
8901066,INV-01690,2026-06-07,1,56,0,56
8901066,INV-01707,2026-06-07,1,56,0,56
8901002,INV-00140,2026-06-08,1,52,0,52
8901002,INV-00197,2026-06-08,5,52,0,260
8901003,INV-00299,2026-06-08,1,272,0,272
8901004,INV-00351,2026-06-08,4,28,5.6,106.4
8901005,INV-00415,2026-06-08,2,128,12.8,243.2
8901005,INV-00416,2026-06-08,2,128,0,256
8901010,INV-00491,2026-06-08,2,90,0,180
8901012,INV-00561,2026-06-08,1,42,0,42
8901031,INV-00775,2026-06-08,1,85,0,85
8901035,INV-01026,2026-06-08,1,19,0.95,18.05
8901050,INV-01119,2026-06-08,5,32,0,160
8901051,INV-01161,2026-06-08,1,270,0,270
8901051,INV-01183,2026-06-08,1,270,0,270
8901052,INV-01204,2026-06-08,1,180,0,180
8901055,INV-01311,2026-06-08,3,94,28.2,253.8
8901058,INV-01395,2026-06-08,1,205,0,205
8901059,INV-01427,2026-06-08,2,270,54.0,486.0
8901059,INV-01440,2026-06-08,1,270,0,270
8901062,INV-01532,2026-06-08,2,23,0,46
8901062,INV-01557,2026-06-08,3,23,6.9,62.1
8901064,INV-01647,2026-06-08,1,176,17.6,158.4
8901066,INV-01696,2026-06-08,1,56,0,56
8901001,INV-00063,2026-06-09,1,68,0,68
8901002,INV-00149,2026-06-09,4,52,0,208
8901002,INV-00161,2026-06-09,3,52,15.6,140.4
8901004,INV-00363,2026-06-09,5,28,0,140
8901006,INV-00437,2026-06-09,1,118,11.8,106.2
8901006,INV-00438,2026-06-09,1,118,0,118
8901011,INV-00520,2026-06-09,1,99,9.9,89.1
8901012,INV-00537,2026-06-09,3,42,0,126
8901013,INV-00585,2026-06-09,1,92,0,92
8901020,INV-00626,2026-06-09,1,56,0,56
8901030,INV-00676,2026-06-09,2,20,0,40
8901030,INV-00706,2026-06-09,2,20,0,40
8901031,INV-00782,2026-06-09,4,85,17.0,323.0
8901034,INV-00989,2026-06-09,1,42,2.1,39.9
8901034,INV-00999,2026-06-09,4,42,0,168
8901035,INV-01089,2026-06-09,5,19,0,95
8901050,INV-01133,2026-06-09,1,32,3.2,28.8
8901050,INV-01140,2026-06-09,2,32,0,64
8901056,INV-01358,2026-06-09,1,395,19.75,375.25
8901057,INV-01367,2026-06-09,3,165,0,495
8901058,INV-01402,2026-06-09,3,205,61.5,553.5
8901001,INV-00002,2026-06-10,3,68,0,204
8901001,INV-00038,2026-06-10,3,68,0,204
8901001,INV-00061,2026-06-10,5,68,0,340
8901002,INV-00162,2026-06-10,2,52,0,104
8901002,INV-00225,2026-06-10,3,52,15.6,140.4
8901010,INV-00466,2026-06-10,1,90,0,90
8901010,INV-00479,2026-06-10,3,90,0,270
8901011,INV-00523,2026-06-10,1,99,0,99
8901011,INV-00529,2026-06-10,2,99,0,198
8901030,INV-00709,2026-06-10,2,20,0,40
8901030,INV-00711,2026-06-10,5,20,0,100
8901030,INV-00712,2026-06-10,2,20,4.0,36.0
8901031,INV-00789,2026-06-10,5,85,0,425
8901031,INV-00801,2026-06-10,3,85,0,255
8901031,INV-00806,2026-06-10,3,85,0,255
8901034,INV-00949,2026-06-10,1,42,0,42
8901034,INV-00952,2026-06-10,4,42,0,168
8901034,INV-00981,2026-06-10,3,42,0,126
8901050,INV-01144,2026-06-10,1,32,1.6,30.4
8901051,INV-01187,2026-06-10,3,270,40.5,769.5
8901052,INV-01209,2026-06-10,1,180,0,180
8901052,INV-01214,2026-06-10,3,180,0,540
8901053,INV-01251,2026-06-10,2,705,0,1410
8901054,INV-01264,2026-06-10,1,172,17.2,154.8
8901054,INV-01275,2026-06-10,1,172,0,172
8901054,INV-01295,2026-06-10,2,172,0,344
8901055,INV-01320,2026-06-10,2,94,0,188
8901058,INV-01407,2026-06-10,2,205,0,410
8901063,INV-01605,2026-06-10,1,38,0,38
8901001,INV-00042,2026-06-11,2,68,0,136
8901001,INV-00053,2026-06-11,5,68,17.0,323.0
8901003,INV-00254,2026-06-11,2,272,0,544
8901004,INV-00308,2026-06-11,4,28,0,112
8901006,INV-00458,2026-06-11,1,118,0,118
8901011,INV-00515,2026-06-11,2,99,9.9,188.1
8901012,INV-00540,2026-06-11,2,42,8.4,75.6
8901030,INV-00673,2026-06-11,3,20,0,60
8901031,INV-00774,2026-06-11,3,85,0,255
8901031,INV-00795,2026-06-11,3,85,25.5,229.5
8901033,INV-00884,2026-06-11,1,155,0,155
8901033,INV-00919,2026-06-11,1,155,0,155
8901035,INV-01048,2026-06-11,2,19,0,38
8901055,INV-01306,2026-06-11,3,94,14.1,267.9
8901055,INV-01319,2026-06-11,3,94,0,282
8901055,INV-01338,2026-06-11,1,94,4.7,89.3
8901057,INV-01385,2026-06-11,1,165,0,165
8901059,INV-01447,2026-06-11,2,270,27.0,513.0
8901001,INV-00015,2026-06-12,3,68,20.4,183.6
8901001,INV-00062,2026-06-12,2,68,0,136
8901001,INV-00076,2026-06-12,5,68,0,340
8901001,INV-00080,2026-06-12,3,68,0,204
8901002,INV-00128,2026-06-12,2,52,0,104
8901002,INV-00164,2026-06-12,3,52,15.6,140.4
8901003,INV-00266,2026-06-12,1,272,13.6,258.4
8901004,INV-00306,2026-06-12,2,28,5.6,50.4
8901010,INV-00462,2026-06-12,1,90,0,90
8901013,INV-00609,2026-06-12,1,92,0,92
8901020,INV-00627,2026-06-12,2,56,0,112
8901032,INV-00875,2026-06-12,5,158,0,790
8901034,INV-00950,2026-06-12,4,42,0,168
8901035,INV-01023,2026-06-12,3,19,0,57
8901035,INV-01034,2026-06-12,2,19,0,38
8901060,INV-01459,2026-06-12,1,348,0,348
8901060,INV-01463,2026-06-12,1,348,0,348
8901061,INV-01496,2026-06-12,1,42,4.2,37.8
8901062,INV-01580,2026-06-12,5,23,0,115
8901062,INV-01595,2026-06-12,5,23,0,115
8901063,INV-01609,2026-06-12,1,38,0,38
8901064,INV-01640,2026-06-12,2,176,35.2,316.8
8901001,INV-00017,2026-06-13,3,68,0,204
8901002,INV-00143,2026-06-13,1,52,0,52
8901002,INV-00230,2026-06-13,3,52,0,156
8901005,INV-00366,2026-06-13,2,128,25.6,230.4
8901006,INV-00420,2026-06-13,1,118,0,118
8901011,INV-00514,2026-06-13,1,99,0,99
8901012,INV-00564,2026-06-13,2,42,0,84
8901013,INV-00600,2026-06-13,3,92,0,276
8901030,INV-00690,2026-06-13,1,20,0,20
8901030,INV-00718,2026-06-13,4,20,4.0,76.0
8901031,INV-00763,2026-06-13,1,85,0,85
8901031,INV-00805,2026-06-13,5,85,42.5,382.5
8901032,INV-00868,2026-06-13,3,158,0,474
8901034,INV-00995,2026-06-13,1,42,0,42
8901035,INV-01007,2026-06-13,3,19,0,57
8901035,INV-01075,2026-06-13,3,19,0,57
8901064,INV-01635,2026-06-13,3,176,52.8,475.2
8901065,INV-01662,2026-06-13,1,128,0,128
8901066,INV-01718,2026-06-13,2,56,0,112
8901001,INV-00069,2026-06-14,3,68,10.2,193.8
8901002,INV-00153,2026-06-14,2,52,0,104
8901002,INV-00160,2026-06-14,5,52,0,260
8901002,INV-00193,2026-06-14,3,52,0,156
8901005,INV-00413,2026-06-14,3,128,19.2,364.8
8901012,INV-00548,2026-06-14,1,42,0,42
8901030,INV-00741,2026-06-14,5,20,0,100
8901032,INV-00833,2026-06-14,2,158,0,316
8901034,INV-00977,2026-06-14,4,42,8.4,159.6
8901035,INV-01027,2026-06-14,5,19,9.5,85.5
8901050,INV-01120,2026-06-14,3,32,9.6,86.4
8901050,INV-01134,2026-06-14,3,32,0,96
8901051,INV-01160,2026-06-14,1,270,0,270
8901053,INV-01235,2026-06-14,1,705,0,705
8901055,INV-01323,2026-06-14,3,94,0,282
8901058,INV-01416,2026-06-14,2,205,0,410
8901059,INV-01437,2026-06-14,1,270,0,270
8901060,INV-01469,2026-06-14,1,348,0,348
8901061,INV-01483,2026-06-14,1,42,2.1,39.9
8901062,INV-01570,2026-06-14,3,23,3.45,65.55
8901062,INV-01583,2026-06-14,4,23,0,92
8901063,INV-01604,2026-06-14,3,38,0,114
8901063,INV-01622,2026-06-14,1,38,3.8,34.2
8901063,INV-01623,2026-06-14,1,38,0,38
8901001,INV-00079,2026-06-15,4,68,0,272
8901002,INV-00179,2026-06-15,5,52,0,260
8901002,INV-00184,2026-06-15,2,52,0,104
8901002,INV-00206,2026-06-15,2,52,10.4,93.6
8901003,INV-00237,2026-06-15,1,272,0,272
8901003,INV-00262,2026-06-15,2,272,54.4,489.6
8901030,INV-00696,2026-06-15,4,20,8.0,72.0
8901033,INV-00917,2026-06-15,1,155,0,155
8901034,INV-00933,2026-06-15,5,42,0,210
8901034,INV-00940,2026-06-15,2,42,0,84
8901043,INV-01096,2026-06-15,1,320,16.0,304.0
8901050,INV-01099,2026-06-15,5,32,0,160
8901050,INV-01127,2026-06-15,1,32,1.6,30.4
8901051,INV-01168,2026-06-15,1,270,27.0,243.0
8901051,INV-01189,2026-06-15,1,270,0,270
8901052,INV-01206,2026-06-15,2,180,0,360
8901052,INV-01230,2026-06-15,1,180,18.0,162.0
8901053,INV-01237,2026-06-15,2,705,141.0,1269.0
8901053,INV-01254,2026-06-15,1,705,35.25,669.75
8901053,INV-01255,2026-06-15,2,705,70.5,1339.5
8901054,INV-01273,2026-06-15,1,172,8.6,163.4
8901055,INV-01305,2026-06-15,1,94,0,94
8901057,INV-01369,2026-06-15,1,165,8.25,156.75
8901059,INV-01428,2026-06-15,1,270,13.5,256.5
8901059,INV-01431,2026-06-15,1,270,0,270
8901062,INV-01538,2026-06-15,3,23,3.45,65.55
8901064,INV-01637,2026-06-15,3,176,52.8,475.2
8901064,INV-01642,2026-06-15,1,176,17.6,158.4
8901002,INV-00125,2026-06-16,2,52,0,104
8901002,INV-00167,2026-06-16,4,52,0,208
8901002,INV-00174,2026-06-16,4,52,10.4,197.6
8901002,INV-00207,2026-06-16,2,52,0,104
8901004,INV-00337,2026-06-16,4,28,0,112
8901010,INV-00467,2026-06-16,1,90,0,90
8901030,INV-00735,2026-06-16,2,20,0,40
8901032,INV-00823,2026-06-16,4,158,0,632
8901033,INV-00880,2026-06-16,1,155,7.75,147.25
8901051,INV-01167,2026-06-16,1,270,0,270
8901052,INV-01229,2026-06-16,1,180,0,180
8901053,INV-01252,2026-06-16,1,705,70.5,634.5
8901055,INV-01314,2026-06-16,1,94,0,94
8901060,INV-01464,2026-06-16,1,348,0,348
8901063,INV-01626,2026-06-16,3,38,11.4,102.6
8901066,INV-01697,2026-06-16,1,56,5.6,50.4
8901002,INV-00147,2026-06-17,1,52,0,52
8901003,INV-00248,2026-06-17,4,272,54.4,1033.6
8901004,INV-00322,2026-06-17,4,28,0,112
8901005,INV-00375,2026-06-17,1,128,0,128
8901005,INV-00401,2026-06-17,1,128,0,128
8901005,INV-00405,2026-06-17,1,128,0,128
8901030,INV-00689,2026-06-17,3,20,6.0,54.0
8901031,INV-00765,2026-06-17,4,85,0,340
8901034,INV-00961,2026-06-17,5,42,10.5,199.5
8901051,INV-01175,2026-06-17,1,270,0,270
8901056,INV-01342,2026-06-17,1,395,0,395
8901059,INV-01449,2026-06-17,1,270,0,270
8901059,INV-01455,2026-06-17,2,270,0,540
8901061,INV-01484,2026-06-17,1,42,0,42
8901064,INV-01649,2026-06-17,1,176,0,176
8901064,INV-01657,2026-06-17,2,176,0,352
8901001,INV-00010,2026-06-18,1,68,0,68
8901001,INV-00088,2026-06-18,3,68,0,204
8901002,INV-00217,2026-06-18,4,52,0,208
8901002,INV-00226,2026-06-18,3,52,0,156
8901005,INV-00409,2026-06-18,1,128,0,128
8901010,INV-00465,2026-06-18,3,90,0,270
8901013,INV-00614,2026-06-18,3,92,0,276
8901032,INV-00835,2026-06-18,5,158,0,790
8901052,INV-01194,2026-06-18,3,180,0,540
8901052,INV-01234,2026-06-18,2,180,0,360
8901054,INV-01283,2026-06-18,3,172,0,516
8901054,INV-01291,2026-06-18,2,172,34.4,309.6
8901059,INV-01433,2026-06-18,1,270,0,270
8901062,INV-01547,2026-06-18,2,23,0,46
8901063,INV-01613,2026-06-18,1,38,0,38
8901063,INV-01630,2026-06-18,3,38,11.4,102.6
8901065,INV-01670,2026-06-18,2,128,25.6,230.4
8901001,INV-00019,2026-06-19,1,68,0,68
8901001,INV-00116,2026-06-19,4,68,0,272
8901003,INV-00242,2026-06-19,3,272,0,816
8901006,INV-00427,2026-06-19,1,118,0,118
8901006,INV-00430,2026-06-19,1,118,0,118
8901011,INV-00517,2026-06-19,1,99,0,99
8901030,INV-00731,2026-06-19,1,20,2.0,18.0
8901030,INV-00733,2026-06-19,3,20,0,60
8901032,INV-00828,2026-06-19,3,158,0,474
8901051,INV-01182,2026-06-19,2,270,54.0,486.0
8901052,INV-01205,2026-06-19,2,180,0,360
8901052,INV-01226,2026-06-19,2,180,36.0,324.0
8901052,INV-01228,2026-06-19,1,180,0,180
8901055,INV-01317,2026-06-19,1,94,0,94
8901062,INV-01548,2026-06-19,5,23,0,115
8901062,INV-01571,2026-06-19,4,23,0,92
8901004,INV-00345,2026-06-20,4,28,0,112
8901004,INV-00359,2026-06-20,3,28,0,84
8901006,INV-00431,2026-06-20,1,118,0,118
8901010,INV-00464,2026-06-20,1,90,0,90
8901013,INV-00606,2026-06-20,3,92,0,276
8901030,INV-00688,2026-06-20,3,20,0,60
8901030,INV-00708,2026-06-20,5,20,0,100
8901031,INV-00796,2026-06-20,3,85,12.75,242.25
8901031,INV-00802,2026-06-20,4,85,17.0,323.0
8901033,INV-00886,2026-06-20,1,155,15.5,139.5
8901035,INV-01011,2026-06-20,2,19,0,38
8901035,INV-01065,2026-06-20,1,19,1.9,17.1
8901053,INV-01240,2026-06-20,3,705,0,2115
8901054,INV-01277,2026-06-20,2,172,34.4,309.6
8901055,INV-01307,2026-06-20,2,94,0,188
8901061,INV-01504,2026-06-20,1,42,0,42
8901066,INV-01714,2026-06-20,2,56,5.6,106.4
8901001,INV-00093,2026-06-21,2,68,0,136
8901002,INV-00165,2026-06-21,1,52,2.6,49.4
8901003,INV-00296,2026-06-21,1,272,0,272
8901004,INV-00320,2026-06-21,4,28,11.2,100.8
8901012,INV-00559,2026-06-21,1,42,0,42
8901013,INV-00595,2026-06-21,1,92,4.6,87.4
8901013,INV-00617,2026-06-21,1,92,9.2,82.8
8901020,INV-00625,2026-06-21,1,56,0,56
8901021,INV-00652,2026-06-21,3,58,0,174
8901021,INV-00669,2026-06-21,1,58,5.8,52.2
8901030,INV-00681,2026-06-21,2,20,0,40
8901030,INV-00682,2026-06-21,3,20,0,60
8901032,INV-00842,2026-06-21,2,158,0,316
8901033,INV-00909,2026-06-21,1,155,0,155
8901034,INV-00956,2026-06-21,4,42,0,168
8901035,INV-01091,2026-06-21,5,19,0,95
8901054,INV-01286,2026-06-21,3,172,0,516
8901055,INV-01309,2026-06-21,2,94,0,188
8901061,INV-01476,2026-06-21,1,42,2.1,39.9
8901061,INV-01485,2026-06-21,3,42,0,126
8901061,INV-01519,2026-06-21,1,42,0,42
8901001,INV-00064,2026-06-22,5,68,0,340
8901001,INV-00065,2026-06-22,1,68,0,68
8901002,INV-00175,2026-06-22,5,52,0,260
8901004,INV-00316,2026-06-22,3,28,0,84
8901004,INV-00352,2026-06-22,2,28,0,56
8901005,INV-00402,2026-06-22,2,128,25.6,230.4
8901006,INV-00417,2026-06-22,1,118,0,118
8901006,INV-00433,2026-06-22,1,118,5.9,112.1
8901006,INV-00456,2026-06-22,2,118,0,236
8901011,INV-00505,2026-06-22,3,99,29.7,267.3
8901013,INV-00602,2026-06-22,2,92,0,184
8901013,INV-00624,2026-06-22,3,92,13.8,262.2
8901020,INV-00640,2026-06-22,2,56,0,112
8901030,INV-00675,2026-06-22,2,20,0,40
8901030,INV-00700,2026-06-22,1,20,0,20
8901050,INV-01131,2026-06-22,3,32,9.6,86.4
8901052,INV-01212,2026-06-22,3,180,54.0,486.0
8901056,INV-01346,2026-06-22,1,395,0,395
8901056,INV-01351,2026-06-22,1,395,39.5,355.5
8901056,INV-01357,2026-06-22,2,395,0,790
8901066,INV-01711,2026-06-22,2,56,5.6,106.4
8901001,INV-00073,2026-06-23,4,68,0,272
8901002,INV-00187,2026-06-23,3,52,15.6,140.4
8901003,INV-00239,2026-06-23,3,272,0,816
8901003,INV-00281,2026-06-23,3,272,0,816
8901005,INV-00388,2026-06-23,1,128,0,128
8901005,INV-00399,2026-06-23,1,128,0,128
8901006,INV-00426,2026-06-23,2,118,11.8,224.2
8901013,INV-00569,2026-06-23,1,92,4.6,87.4
8901013,INV-00579,2026-06-23,1,92,4.6,87.4
8901013,INV-00586,2026-06-23,1,92,0,92
8901020,INV-00638,2026-06-23,2,56,0,112
8901030,INV-00685,2026-06-23,2,20,0,40
8901030,INV-00725,2026-06-23,3,20,0,60
8901031,INV-00780,2026-06-23,2,85,0,170
8901033,INV-00915,2026-06-23,2,155,0,310
8901034,INV-00978,2026-06-23,4,42,0,168
8901034,INV-00986,2026-06-23,4,42,0,168
8901035,INV-01060,2026-06-23,1,19,0,19
8901052,INV-01198,2026-06-23,1,180,0,180
8901053,INV-01242,2026-06-23,3,705,0,2115
8901054,INV-01265,2026-06-23,1,172,0,172
8901057,INV-01380,2026-06-23,2,165,16.5,313.5
8901057,INV-01389,2026-06-23,1,165,0,165
8901061,INV-01494,2026-06-23,1,42,0,42
8901061,INV-01509,2026-06-23,2,42,0,84
8901062,INV-01587,2026-06-23,4,23,0,92
8901001,INV-00027,2026-06-24,2,68,0,136
8901002,INV-00159,2026-06-24,2,52,0,104
8901002,INV-00213,2026-06-24,5,52,13.0,247.0
8901005,INV-00383,2026-06-24,1,128,0,128
8901005,INV-00412,2026-06-24,2,128,12.8,243.2
8901006,INV-00459,2026-06-24,1,118,11.8,106.2
8901011,INV-00516,2026-06-24,1,99,0,99
8901030,INV-00693,2026-06-24,5,20,0,100
8901030,INV-00724,2026-06-24,3,20,3.0,57.0
8901030,INV-00739,2026-06-24,5,20,0,100
8901031,INV-00817,2026-06-24,1,85,0,85
8901032,INV-00834,2026-06-24,4,158,0,632
8901035,INV-01006,2026-06-24,1,19,0,19
8901058,INV-01403,2026-06-24,3,205,30.75,584.25
8901065,INV-01672,2026-06-24,2,128,0,256
8901066,INV-01695,2026-06-24,3,56,0,168
8901004,INV-00317,2026-06-25,3,28,0,84
8901004,INV-00344,2026-06-25,2,28,0,56
8901004,INV-00346,2026-06-25,1,28,0,28
8901006,INV-00419,2026-06-25,1,118,5.9,112.1
8901032,INV-00827,2026-06-25,1,158,0,158
8901032,INV-00874,2026-06-25,2,158,0,316
8901034,INV-00930,2026-06-25,2,42,0,84
8901035,INV-01013,2026-06-25,3,19,0,57
8901050,INV-01102,2026-06-25,1,32,0,32
8901050,INV-01124,2026-06-25,5,32,8.0,152.0
8901052,INV-01231,2026-06-25,1,180,0,180
8901059,INV-01439,2026-06-25,1,270,27.0,243.0
8901062,INV-01551,2026-06-25,2,23,2.3,43.7
8901065,INV-01668,2026-06-25,1,128,0,128
8901065,INV-01679,2026-06-25,2,128,12.8,243.2
8901065,INV-01680,2026-06-25,1,128,12.8,115.2
8901066,INV-01703,2026-06-25,3,56,0,168
8901001,INV-00032,2026-06-26,5,68,34.0,306.0
8901001,INV-00109,2026-06-26,3,68,10.2,193.8
8901003,INV-00294,2026-06-26,5,272,0,1360
8901005,INV-00386,2026-06-26,1,128,12.8,115.2
8901005,INV-00391,2026-06-26,2,128,0,256
8901006,INV-00429,2026-06-26,1,118,5.9,112.1
8901006,INV-00460,2026-06-26,2,118,0,236
8901010,INV-00481,2026-06-26,3,90,0,270
8901011,INV-00509,2026-06-26,3,99,0,297
8901013,INV-00610,2026-06-26,2,92,0,184
8901030,INV-00684,2026-06-26,1,20,0,20
8901030,INV-00748,2026-06-26,2,20,4.0,36.0
8901032,INV-00850,2026-06-26,1,158,0,158
8901034,INV-00971,2026-06-26,3,42,0,126
8901035,INV-01074,2026-06-26,2,19,0,38
8901055,INV-01325,2026-06-26,3,94,14.1,267.9
8901056,INV-01344,2026-06-26,1,395,0,395
8901056,INV-01347,2026-06-26,3,395,59.25,1125.75
8901058,INV-01399,2026-06-26,2,205,0,410
8901066,INV-01698,2026-06-26,1,56,0,56
8901001,INV-00041,2026-06-27,5,68,0,340
8901002,INV-00144,2026-06-27,3,52,0,156
8901004,INV-00303,2026-06-27,3,28,8.4,75.6
8901004,INV-00309,2026-06-27,2,28,0,56
8901010,INV-00463,2026-06-27,1,90,0,90
8901010,INV-00475,2026-06-27,3,90,13.5,256.5
8901011,INV-00502,2026-06-27,3,99,0,297
8901011,INV-00511,2026-06-27,1,99,0,99
8901011,INV-00526,2026-06-27,2,99,0,198
8901013,INV-00584,2026-06-27,1,92,0,92
8901013,INV-00590,2026-06-27,1,92,4.6,87.4
8901013,INV-00616,2026-06-27,1,92,0,92
8901021,INV-00670,2026-06-27,1,58,2.9,55.1
8901030,INV-00714,2026-06-27,3,20,0,60
8901031,INV-00799,2026-06-27,1,85,0,85
8901032,INV-00852,2026-06-27,5,158,0,790
8901033,INV-00887,2026-06-27,1,155,0,155
8901033,INV-00896,2026-06-27,1,155,0,155
8901033,INV-00926,2026-06-27,3,155,0,465
8901034,INV-00998,2026-06-27,4,42,0,168
8901035,INV-01040,2026-06-27,3,19,0,57
8901050,INV-01121,2026-06-27,1,32,0,32
8901052,INV-01208,2026-06-27,1,180,9.0,171.0
8901052,INV-01215,2026-06-27,1,180,0,180
8901053,INV-01236,2026-06-27,2,705,70.5,1339.5
8901054,INV-01289,2026-06-27,3,172,0,516
8901055,INV-01316,2026-06-27,1,94,0,94
8901057,INV-01394,2026-06-27,3,165,0,495
8901059,INV-01421,2026-06-27,2,270,0,540
8901062,INV-01535,2026-06-27,3,23,6.9,62.1
8901062,INV-01574,2026-06-27,2,23,2.3,43.7
8901063,INV-01603,2026-06-27,1,38,1.9,36.1
8901064,INV-01652,2026-06-27,2,176,0,352
8901065,INV-01658,2026-06-27,1,128,0,128
8901066,INV-01692,2026-06-27,2,56,0,112
8901001,INV-00001,2026-06-28,1,68,6.8,61.2
8901002,INV-00141,2026-06-28,5,52,26.0,234.0
8901002,INV-00194,2026-06-28,2,52,0,104
8901003,INV-00246,2026-06-28,2,272,54.4,489.6
8901003,INV-00257,2026-06-28,2,272,0,544
8901003,INV-00270,2026-06-28,1,272,0,272
8901004,INV-00341,2026-06-28,1,28,0,28
8901010,INV-00484,2026-06-28,1,90,0,90
8901021,INV-00659,2026-06-28,1,58,0,58
8901034,INV-00983,2026-06-28,2,42,0,84
8901050,INV-01151,2026-06-28,2,32,3.2,60.8
8901055,INV-01324,2026-06-28,2,94,9.4,178.6
8901057,INV-01379,2026-06-28,1,165,8.25,156.75
8901059,INV-01443,2026-06-28,2,270,0,540
8901063,INV-01621,2026-06-28,1,38,0,38
8901066,INV-01684,2026-06-28,2,56,11.2,100.8
8901004,INV-00329,2026-06-29,3,28,8.4,75.6
8901005,INV-00400,2026-06-29,2,128,0,256
8901011,INV-00495,2026-06-29,3,99,0,297
8901012,INV-00566,2026-06-29,1,42,0,42
8901013,INV-00577,2026-06-29,1,92,0,92
8901032,INV-00822,2026-06-29,2,158,15.8,300.2
8901032,INV-00864,2026-06-29,3,158,0,474
8901034,INV-00947,2026-06-29,2,42,0,84
8901034,INV-00951,2026-06-29,3,42,0,126
8901034,INV-00967,2026-06-29,3,42,0,126
8901034,INV-00972,2026-06-29,3,42,6.3,119.7
8901035,INV-01073,2026-06-29,4,19,7.6,68.4
8901050,INV-01100,2026-06-29,4,32,0,128
8901050,INV-01143,2026-06-29,3,32,0,96
8901050,INV-01150,2026-06-29,1,32,0,32
8901053,INV-01244,2026-06-29,1,705,70.5,634.5
8901055,INV-01336,2026-06-29,1,94,0,94
8901056,INV-01360,2026-06-29,1,395,19.75,375.25
8901061,INV-01518,2026-06-29,3,42,0,126
8901063,INV-01624,2026-06-29,1,38,0,38
8901001,INV-00104,2026-06-30,2,68,13.6,122.4
8901003,INV-00234,2026-06-30,3,272,0,816
8901003,INV-00238,2026-06-30,5,272,0,1360
8901013,INV-00618,2026-06-30,1,92,9.2,82.8
8901031,INV-00815,2026-06-30,4,85,0,340
8901032,INV-00829,2026-06-30,3,158,23.7,450.3
8901032,INV-00841,2026-06-30,2,158,0,316
8901034,INV-00931,2026-06-30,2,42,0,84
8901035,INV-01019,2026-06-30,2,19,0,38
8901035,INV-01070,2026-06-30,2,19,0,38
8901052,INV-01211,2026-06-30,1,180,9.0,171.0
8901052,INV-01223,2026-06-30,1,180,18.0,162.0
8901061,INV-01488,2026-06-30,1,42,0,42
8901063,INV-01611,2026-06-30,1,38,0,38
8901063,INV-01612,2026-06-30,1,38,0,38
8901065,INV-01659,2026-06-30,1,128,12.8,115.2
8901066,INV-01712,2026-06-30,1,56,0,56
8901001,INV-00043,2026-07-01,3,68,0,204
8901001,INV-00100,2026-07-01,4,68,0,272
8901002,INV-00170,2026-07-01,3,52,0,156
8901002,INV-00210,2026-07-01,3,52,15.6,140.4
8901003,INV-00280,2026-07-01,5,272,0,1360
8901003,INV-00298,2026-07-01,2,272,0,544
8901005,INV-00376,2026-07-01,1,128,0,128
8901005,INV-00377,2026-07-01,2,128,12.8,243.2
8901005,INV-00387,2026-07-01,3,128,0,384
8901005,INV-00404,2026-07-01,2,128,0,256
8901005,INV-00414,2026-07-01,2,128,0,256
8901021,INV-00662,2026-07-01,1,58,0,58
8901030,INV-00699,2026-07-01,5,20,0,100
8901030,INV-00707,2026-07-01,1,20,2.0,18.0
8901030,INV-00749,2026-07-01,1,20,0,20
8901031,INV-00786,2026-07-01,2,85,0,170
8901031,INV-00803,2026-07-01,3,85,25.5,229.5
8901032,INV-00845,2026-07-01,2,158,0,316
8901033,INV-00907,2026-07-01,2,155,0,310
8901034,INV-00932,2026-07-01,3,42,0,126
8901034,INV-00960,2026-07-01,3,42,12.6,113.4
8901056,INV-01343,2026-07-01,1,395,0,395
8901061,INV-01514,2026-07-01,2,42,0,84
8901062,INV-01581,2026-07-01,2,23,0,46
8901066,INV-01701,2026-07-01,2,56,0,112
8901001,INV-00035,2026-07-02,5,68,17.0,323.0
8901001,INV-00044,2026-07-02,3,68,0,204
8901002,INV-00139,2026-07-02,3,52,7.8,148.2
8901002,INV-00203,2026-07-02,5,52,0,260
8901002,INV-00218,2026-07-02,4,52,10.4,197.6
8901003,INV-00273,2026-07-02,2,272,0,544
8901004,INV-00362,2026-07-02,3,28,8.4,75.6
8901010,INV-00468,2026-07-02,1,90,4.5,85.5
8901011,INV-00500,2026-07-02,1,99,9.9,89.1
8901013,INV-00621,2026-07-02,1,92,0,92
8901030,INV-00746,2026-07-02,2,20,4.0,36.0
8901032,INV-00851,2026-07-02,3,158,0,474
8901033,INV-00898,2026-07-02,2,155,0,310
8901035,INV-01037,2026-07-02,3,19,0,57
8901050,INV-01145,2026-07-02,4,32,6.4,121.6
8901051,INV-01162,2026-07-02,1,270,0,270
8901054,INV-01292,2026-07-02,3,172,25.8,490.2
8901055,INV-01318,2026-07-02,1,94,0,94
8901056,INV-01348,2026-07-02,1,395,0,395
8901059,INV-01434,2026-07-02,1,270,13.5,256.5
8901061,INV-01523,2026-07-02,1,42,0,42
8901064,INV-01634,2026-07-02,2,176,0,352
8901066,INV-01683,2026-07-02,1,56,2.8,53.2
8901066,INV-01717,2026-07-02,1,56,0,56
8901001,INV-00091,2026-07-03,4,68,27.2,244.8
8901001,INV-00095,2026-07-03,3,68,0,204
8901003,INV-00252,2026-07-03,2,272,54.4,489.6
8901003,INV-00264,2026-07-03,5,272,68.0,1292.0
8901004,INV-00327,2026-07-03,2,28,0,56
8901004,INV-00354,2026-07-03,2,28,0,56
8901006,INV-00435,2026-07-03,2,118,0,236
8901006,INV-00441,2026-07-03,1,118,11.8,106.2
8901011,INV-00498,2026-07-03,1,99,4.95,94.05
8901011,INV-00522,2026-07-03,1,99,9.9,89.1
8901013,INV-00607,2026-07-03,2,92,9.2,174.8
8901030,INV-00750,2026-07-03,1,20,0,20
8901031,INV-00772,2026-07-03,3,85,12.75,242.25
8901032,INV-00832,2026-07-03,4,158,0,632
8901032,INV-00840,2026-07-03,4,158,0,632
8901033,INV-00894,2026-07-03,1,155,15.5,139.5
8901034,INV-00980,2026-07-03,3,42,0,126
8901035,INV-01076,2026-07-03,1,19,1.9,17.1
8901054,INV-01293,2026-07-03,1,172,0,172
8901056,INV-01345,2026-07-03,1,395,19.75,375.25
8901061,INV-01525,2026-07-03,1,42,0,42
8901061,INV-01527,2026-07-03,1,42,4.2,37.8
8901062,INV-01555,2026-07-03,2,23,0,46
8901062,INV-01589,2026-07-03,2,23,0,46
8901064,INV-01636,2026-07-03,1,176,8.8,167.2
8901001,INV-00055,2026-07-04,4,68,13.6,258.4
8901001,INV-00098,2026-07-04,4,68,13.6,258.4
8901001,INV-00107,2026-07-04,2,68,0,136
8901002,INV-00145,2026-07-04,2,52,0,104
8901002,INV-00151,2026-07-04,2,52,10.4,93.6
8901002,INV-00163,2026-07-04,1,52,0,52
8901002,INV-00173,2026-07-04,2,52,0,104
8901002,INV-00182,2026-07-04,2,52,5.2,98.8
8901003,INV-00268,2026-07-04,3,272,81.6,734.4
8901003,INV-00301,2026-07-04,3,272,40.8,775.2
8901005,INV-00371,2026-07-04,2,128,0,256
8901005,INV-00379,2026-07-04,2,128,0,256
8901010,INV-00470,2026-07-04,1,90,0,90
8901030,INV-00691,2026-07-04,2,20,0,40
8901033,INV-00918,2026-07-04,1,155,0,155
8901034,INV-00935,2026-07-04,5,42,21.0,189.0
8901034,INV-00959,2026-07-04,4,42,0,168
8901050,INV-01106,2026-07-04,1,32,0,32
8901050,INV-01141,2026-07-04,4,32,0,128
8901051,INV-01171,2026-07-04,2,270,0,540
8901051,INV-01181,2026-07-04,1,270,0,270
8901054,INV-01284,2026-07-04,1,172,0,172
8901054,INV-01304,2026-07-04,1,172,0,172
8901055,INV-01329,2026-07-04,3,94,0,282
8901060,INV-01475,2026-07-04,2,348,69.6,626.4
8901062,INV-01564,2026-07-04,3,23,0,69
8901062,INV-01590,2026-07-04,1,23,0,23
8901062,INV-01598,2026-07-04,4,23,9.2,82.8
8901001,INV-00025,2026-07-05,5,68,0,340
8901001,INV-00068,2026-07-05,5,68,0,340
8901002,INV-00158,2026-07-05,4,52,0,208
8901002,INV-00222,2026-07-05,5,52,26.0,234.0
8901004,INV-00330,2026-07-05,3,28,0,84
8901011,INV-00519,2026-07-05,3,99,0,297
8901012,INV-00539,2026-07-05,1,42,0,42
8901030,INV-00736,2026-07-05,2,20,0,40
8901031,INV-00779,2026-07-05,5,85,0,425
8901031,INV-00804,2026-07-05,3,85,0,255
8901032,INV-00876,2026-07-05,3,158,0,474
8901034,INV-00943,2026-07-05,3,42,0,126
8901035,INV-01018,2026-07-05,1,19,0.95,18.05
8901035,INV-01022,2026-07-05,5,19,0,95
8901050,INV-01116,2026-07-05,4,32,6.4,121.6
8901051,INV-01159,2026-07-05,2,270,0,540
8901052,INV-01196,2026-07-05,1,180,18.0,162.0
8901054,INV-01270,2026-07-05,1,172,0,172
8901054,INV-01279,2026-07-05,3,172,0,516
8901054,INV-01290,2026-07-05,1,172,8.6,163.4
8901057,INV-01374,2026-07-05,1,165,0,165
8901059,INV-01430,2026-07-05,2,270,0,540
8901059,INV-01442,2026-07-05,2,270,0,540
8901059,INV-01451,2026-07-05,1,270,0,270
8901061,INV-01529,2026-07-05,1,42,0,42
8901062,INV-01591,2026-07-05,5,23,0,115
8901063,INV-01627,2026-07-05,3,38,0,114
8901063,INV-01629,2026-07-05,1,38,0,38
8901064,INV-01650,2026-07-05,3,176,0,528
8901065,INV-01666,2026-07-05,2,128,0,256
8901001,INV-00081,2026-07-06,1,68,3.4,64.6
8901001,INV-00111,2026-07-06,2,68,0,136
8901001,INV-00120,2026-07-06,3,68,0,204
8901002,INV-00188,2026-07-06,2,52,0,104
8901003,INV-00284,2026-07-06,3,272,40.8,775.2
8901003,INV-00290,2026-07-06,2,272,27.2,516.8
8901003,INV-00293,2026-07-06,3,272,0,816
8901004,INV-00312,2026-07-06,2,28,0,56
8901005,INV-00367,2026-07-06,2,128,0,256
8901010,INV-00473,2026-07-06,2,90,0,180
8901032,INV-00830,2026-07-06,3,158,47.4,426.6
8901032,INV-00854,2026-07-06,1,158,0,158
8901032,INV-00856,2026-07-06,3,158,0,474
8901033,INV-00911,2026-07-06,1,155,0,155
8901034,INV-00938,2026-07-06,3,42,12.6,113.4
8901051,INV-01166,2026-07-06,2,270,0,540
8901054,INV-01274,2026-07-06,2,172,0,344
8901058,INV-01414,2026-07-06,1,205,0,205
8901059,INV-01425,2026-07-06,1,270,0,270
8901059,INV-01432,2026-07-06,2,270,0,540
8901059,INV-01435,2026-07-06,1,270,13.5,256.5
8901061,INV-01498,2026-07-06,1,42,0,42
8901065,INV-01677,2026-07-06,3,128,38.4,345.6
8901001,INV-00028,2026-07-07,4,68,27.2,244.8
8901001,INV-00097,2026-07-07,5,68,0,340
8901003,INV-00282,2026-07-07,3,272,0,816
8901004,INV-00334,2026-07-07,3,28,8.4,75.6
8901006,INV-00423,2026-07-07,3,118,0,354
8901012,INV-00550,2026-07-07,1,42,0,42
8901013,INV-00573,2026-07-07,1,92,4.6,87.4
8901013,INV-00575,2026-07-07,2,92,0,184
8901020,INV-00648,2026-07-07,1,56,0,56
8901030,INV-00678,2026-07-07,3,20,3.0,57.0
8901030,INV-00715,2026-07-07,1,20,0,20
8901035,INV-01012,2026-07-07,2,19,0,38
8901035,INV-01039,2026-07-07,1,19,0,19
8901052,INV-01203,2026-07-07,1,180,9.0,171.0
8901064,INV-01655,2026-07-07,1,176,0,176
8901066,INV-01708,2026-07-07,1,56,0,56
8901066,INV-01721,2026-07-07,1,56,0,56
8901001,INV-00072,2026-07-08,3,68,0,204
8901003,INV-00260,2026-07-08,3,272,0,816
8901004,INV-00340,2026-07-08,3,28,8.4,75.6
8901004,INV-00361,2026-07-08,2,28,2.8,53.2
8901005,INV-00369,2026-07-08,3,128,0,384
8901006,INV-00442,2026-07-08,2,118,23.6,212.4
8901006,INV-00443,2026-07-08,1,118,0,118
8901011,INV-00493,2026-07-08,1,99,0,99
8901011,INV-00518,2026-07-08,3,99,14.85,282.15
8901030,INV-00697,2026-07-08,1,20,0,20
8901031,INV-00770,2026-07-08,5,85,0,425
8901031,INV-00810,2026-07-08,2,85,0,170
8901032,INV-00849,2026-07-08,2,158,0,316
8901033,INV-00883,2026-07-08,1,155,0,155
8901033,INV-00895,2026-07-08,1,155,0,155
8901033,INV-00910,2026-07-08,1,155,7.75,147.25
8901033,INV-00924,2026-07-08,1,155,7.75,147.25
8901051,INV-01176,2026-07-08,1,270,0,270
8901054,INV-01259,2026-07-08,1,172,17.2,154.8
8901055,INV-01332,2026-07-08,2,94,18.8,169.2
8901059,INV-01445,2026-07-08,1,270,0,270
8901060,INV-01461,2026-07-08,1,348,0,348
8901062,INV-01569,2026-07-08,3,23,0,69
8901064,INV-01639,2026-07-08,1,176,8.8,167.2
8901066,INV-01685,2026-07-08,1,56,5.6,50.4
8901001,INV-00008,2026-07-09,5,68,17.0,323.0
8901001,INV-00060,2026-07-09,3,68,0,204
8901001,INV-00070,2026-07-09,4,68,13.6,258.4
8901001,INV-00084,2026-07-09,1,68,0,68
8901001,INV-00102,2026-07-09,2,68,0,136
8901001,INV-00112,2026-07-09,2,68,0,136
8901002,INV-00181,2026-07-09,2,52,0,104
8901002,INV-00229,2026-07-09,3,52,0,156
8901005,INV-00382,2026-07-09,2,128,0,256
8901012,INV-00544,2026-07-09,2,42,4.2,79.8
8901012,INV-00563,2026-07-09,1,42,0,42
8901031,INV-00766,2026-07-09,4,85,0,340
8901033,INV-00923,2026-07-09,1,155,15.5,139.5
8901035,INV-01005,2026-07-09,4,19,7.6,68.4
8901035,INV-01020,2026-07-09,3,19,0,57
8901053,INV-01250,2026-07-09,2,705,70.5,1339.5
8901055,INV-01315,2026-07-09,1,94,0,94
8901055,INV-01335,2026-07-09,1,94,4.7,89.3
8901056,INV-01365,2026-07-09,2,395,0,790
8901058,INV-01398,2026-07-09,2,205,0,410
8901062,INV-01544,2026-07-09,4,23,0,92
8901063,INV-01618,2026-07-09,1,38,3.8,34.2
8901001,INV-00115,2026-07-10,1,68,0,68
8901002,INV-00178,2026-07-10,4,52,0,208
8901005,INV-00368,2026-07-10,3,128,0,384
8901005,INV-00392,2026-07-10,1,128,6.4,121.6
8901006,INV-00457,2026-07-10,1,118,0,118
8901011,INV-00499,2026-07-10,1,99,0,99
8901011,INV-00503,2026-07-10,1,99,0,99
8901013,INV-00605,2026-07-10,1,92,0,92
8901032,INV-00836,2026-07-10,2,158,31.6,284.4
8901032,INV-00839,2026-07-10,3,158,0,474
8901032,INV-00846,2026-07-10,1,158,0,158
8901033,INV-00890,2026-07-10,2,155,0,310
8901034,INV-00948,2026-07-10,5,42,0,210
8901034,INV-00984,2026-07-10,3,42,0,126
8901035,INV-01025,2026-07-10,1,19,0,19
8901050,INV-01097,2026-07-10,5,32,0,160
8901050,INV-01142,2026-07-10,3,32,0,96
8901050,INV-01147,2026-07-10,3,32,0,96
8901053,INV-01248,2026-07-10,1,705,0,705
8901055,INV-01331,2026-07-10,2,94,0,188
8901057,INV-01382,2026-07-10,2,165,0,330
8901060,INV-01473,2026-07-10,1,348,0,348
8901061,INV-01492,2026-07-10,2,42,0,84
8901063,INV-01608,2026-07-10,2,38,0,76
8901066,INV-01687,2026-07-10,1,56,5.6,50.4
8901001,INV-00021,2026-07-11,5,68,0,340
8901001,INV-00031,2026-07-11,5,68,0,340
8901001,INV-00047,2026-07-11,3,68,10.2,193.8
8901001,INV-00086,2026-07-11,4,68,0,272
8901002,INV-00152,2026-07-11,3,52,0,156
8901002,INV-00171,2026-07-11,1,52,0,52
8901002,INV-00202,2026-07-11,3,52,15.6,140.4
8901004,INV-00305,2026-07-11,3,28,0,84
8901004,INV-00360,2026-07-11,3,28,0,84
8901011,INV-00497,2026-07-11,1,99,0,99
8901011,INV-00501,2026-07-11,1,99,0,99
8901011,INV-00508,2026-07-11,1,99,0,99
8901031,INV-00778,2026-07-11,5,85,0,425
8901031,INV-00792,2026-07-11,3,85,0,255
8901031,INV-00798,2026-07-11,2,85,0,170
8901031,INV-00808,2026-07-11,4,85,0,340
8901035,INV-01016,2026-07-11,5,19,0,95
8901052,INV-01232,2026-07-11,2,180,18.0,342.0
8901058,INV-01413,2026-07-11,1,205,0,205
8901061,INV-01486,2026-07-11,2,42,0,84
8901065,INV-01674,2026-07-11,2,128,0,256
8901066,INV-01693,2026-07-11,3,56,0,168
8901001,INV-00011,2026-07-12,3,68,0,204
8901001,INV-00037,2026-07-12,2,68,0,136
8901001,INV-00123,2026-07-12,3,68,0,204
8901002,INV-00136,2026-07-12,4,52,20.8,187.2
8901002,INV-00192,2026-07-12,2,52,0,104
8901004,INV-00302,2026-07-12,2,28,5.6,50.4
8901006,INV-00425,2026-07-12,2,118,23.6,212.4
8901013,INV-00608,2026-07-12,2,92,0,184
8901030,INV-00672,2026-07-12,2,20,0,40
8901030,INV-00692,2026-07-12,2,20,2.0,38.0
8901031,INV-00797,2026-07-12,4,85,0,340
8901033,INV-00920,2026-07-12,1,155,7.75,147.25
8901034,INV-00957,2026-07-12,5,42,0,210
8901034,INV-00973,2026-07-12,1,42,0,42
8901034,INV-00997,2026-07-12,3,42,0,126
8901035,INV-01044,2026-07-12,3,19,5.7,51.3
8901035,INV-01049,2026-07-12,5,19,9.5,85.5
8901050,INV-01108,2026-07-12,5,32,0,160
8901052,INV-01195,2026-07-12,3,180,0,540
8901052,INV-01233,2026-07-12,3,180,0,540
8901061,INV-01530,2026-07-12,1,42,0,42
8901062,INV-01578,2026-07-12,4,23,0,92
8901062,INV-01582,2026-07-12,5,23,0,115
8901064,INV-01656,2026-07-12,2,176,0,352
8901065,INV-01667,2026-07-12,2,128,12.8,243.2
8901001,INV-00023,2026-07-13,3,68,0,204
8901001,INV-00075,2026-07-13,2,68,0,136
8901002,INV-00146,2026-07-13,3,52,7.8,148.2
8901002,INV-00228,2026-07-13,3,52,15.6,140.4
8901003,INV-00232,2026-07-13,3,272,0,816
8901010,INV-00472,2026-07-13,2,90,0,180
8901010,INV-00492,2026-07-13,2,90,18.0,162.0
8901013,INV-00578,2026-07-13,1,92,4.6,87.4
8901021,INV-00663,2026-07-13,1,58,0,58
8901032,INV-00825,2026-07-13,4,158,0,632
8901033,INV-00892,2026-07-13,3,155,0,465
8901051,INV-01157,2026-07-13,1,270,0,270
8901053,INV-01253,2026-07-13,1,705,35.25,669.75
8901055,INV-01326,2026-07-13,2,94,0,188
8901056,INV-01355,2026-07-13,1,395,0,395
8901057,INV-01384,2026-07-13,1,165,0,165
8901057,INV-01391,2026-07-13,2,165,16.5,313.5
8901062,INV-01536,2026-07-13,3,23,0,69
8901062,INV-01542,2026-07-13,4,23,0,92
8901063,INV-01616,2026-07-13,1,38,0,38
8901064,INV-01653,2026-07-13,2,176,0,352
8901001,INV-00012,2026-07-14,2,68,6.8,129.2
8901001,INV-00051,2026-07-14,5,68,17.0,323.0
8901001,INV-00074,2026-07-14,5,68,17.0,323.0
8901003,INV-00249,2026-07-14,1,272,0,272
8901003,INV-00279,2026-07-14,3,272,0,816
8901011,INV-00496,2026-07-14,1,99,9.9,89.1
8901011,INV-00528,2026-07-14,3,99,0,297
8901011,INV-00530,2026-07-14,1,99,0,99
8901012,INV-00545,2026-07-14,3,42,6.3,119.7
8901012,INV-00556,2026-07-14,3,42,0,126
8901021,INV-00657,2026-07-14,1,58,0,58
8901032,INV-00819,2026-07-14,3,158,0,474
8901032,INV-00853,2026-07-14,2,158,0,316
8901033,INV-00888,2026-07-14,1,155,0,155
8901034,INV-00987,2026-07-14,2,42,0,84
8901035,INV-01004,2026-07-14,2,19,0,38
8901035,INV-01055,2026-07-14,2,19,0,38
8901035,INV-01086,2026-07-14,2,19,0,38
8901041,INV-01094,2026-07-14,2,199,0,398
8901055,INV-01312,2026-07-14,1,94,0,94
8901056,INV-01341,2026-07-14,1,395,19.75,375.25
8901056,INV-01364,2026-07-14,2,395,79.0,711.0
8901058,INV-01415,2026-07-14,1,205,0,205
8901062,INV-01539,2026-07-14,4,23,4.6,87.4
8901062,INV-01559,2026-07-14,2,23,0,46
8901062,INV-01576,2026-07-14,4,23,0,92
8901064,INV-01651,2026-07-14,2,176,0,352
8901065,INV-01664,2026-07-14,2,128,0,256
8901001,INV-00114,2026-07-15,5,68,0,340
8901002,INV-00186,2026-07-15,1,52,2.6,49.4
8901002,INV-00220,2026-07-15,2,52,10.4,93.6
8901003,INV-00244,2026-07-15,2,272,54.4,489.6
8901003,INV-00300,2026-07-15,4,272,108.8,979.2
8901006,INV-00418,2026-07-15,3,118,17.7,336.3
8901013,INV-00570,2026-07-15,1,92,4.6,87.4
8901013,INV-00574,2026-07-15,1,92,0,92
8901013,INV-00593,2026-07-15,2,92,0,184
8901021,INV-00666,2026-07-15,2,58,11.6,104.4
8901030,INV-00740,2026-07-15,4,20,0,80
8901031,INV-00762,2026-07-15,2,85,0,170
8901031,INV-00791,2026-07-15,2,85,0,170
8901033,INV-00906,2026-07-15,1,155,0,155
8901033,INV-00927,2026-07-15,1,155,15.5,139.5
8901034,INV-00975,2026-07-15,2,42,0,84
8901035,INV-01084,2026-07-15,5,19,9.5,85.5
8901050,INV-01098,2026-07-15,3,32,0,96
8901050,INV-01104,2026-07-15,2,32,3.2,60.8
8901054,INV-01287,2026-07-15,2,172,0,344
8901055,INV-01333,2026-07-15,1,94,0,94
8901057,INV-01387,2026-07-15,1,165,8.25,156.75
8901061,INV-01506,2026-07-15,1,42,0,42
8901065,INV-01660,2026-07-15,1,128,12.8,115.2
8901065,INV-01663,2026-07-15,1,128,0,128
8901001,INV-00059,2026-07-16,2,68,13.6,122.4
8901002,INV-00166,2026-07-16,4,52,0,208
8901002,INV-00172,2026-07-16,1,52,0,52
8901003,INV-00243,2026-07-16,3,272,0,816
8901003,INV-00277,2026-07-16,2,272,0,544
8901004,INV-00338,2026-07-16,3,28,0,84
8901013,INV-00591,2026-07-16,1,92,0,92
8901021,INV-00660,2026-07-16,1,58,0,58
8901033,INV-00914,2026-07-16,1,155,15.5,139.5
8901035,INV-01042,2026-07-16,3,19,0,57
8901050,INV-01107,2026-07-16,4,32,0,128
8901050,INV-01155,2026-07-16,3,32,0,96
8901051,INV-01174,2026-07-16,3,270,0,810
8901051,INV-01193,2026-07-16,2,270,54.0,486.0
8901054,INV-01261,2026-07-16,2,172,0,344
8901054,INV-01281,2026-07-16,1,172,0,172
8901059,INV-01438,2026-07-16,1,270,0,270
8901061,INV-01491,2026-07-16,3,42,6.3,119.7
8901066,INV-01720,2026-07-16,2,56,11.2,100.8
8901001,INV-00054,2026-07-17,3,68,0,204
8901003,INV-00245,2026-07-17,3,272,40.8,775.2
8901003,INV-00276,2026-07-17,5,272,0,1360
8901003,INV-00286,2026-07-17,3,272,0,816
8901004,INV-00350,2026-07-17,5,28,0,140
8901006,INV-00424,2026-07-17,3,118,0,354
8901006,INV-00449,2026-07-17,1,118,0,118
8901013,INV-00576,2026-07-17,1,92,0,92
8901013,INV-00615,2026-07-17,1,92,9.2,82.8
8901021,INV-00654,2026-07-17,3,58,0,174
8901021,INV-00668,2026-07-17,2,58,0,116
8901031,INV-00785,2026-07-17,2,85,0,170
8901031,INV-00814,2026-07-17,5,85,0,425
8901032,INV-00858,2026-07-17,3,158,0,474
8901034,INV-00964,2026-07-17,3,42,0,126
8901034,INV-00974,2026-07-17,4,42,0,168
8901035,INV-01008,2026-07-17,5,19,0,95
8901035,INV-01051,2026-07-17,2,19,0,38
8901054,INV-01268,2026-07-17,2,172,34.4,309.6
8901058,INV-01405,2026-07-17,3,205,61.5,553.5
8901061,INV-01517,2026-07-17,1,42,4.2,37.8
8901066,INV-01686,2026-07-17,2,56,0,112
8901066,INV-01713,2026-07-17,1,56,5.6,50.4
8901066,INV-01716,2026-07-17,1,56,0,56
8901003,INV-00275,2026-07-18,3,272,0,816
8901004,INV-00336,2026-07-18,1,28,0,28
8901011,INV-00532,2026-07-18,2,99,0,198
8901013,INV-00612,2026-07-18,1,92,0,92
8901030,INV-00730,2026-07-18,3,20,0,60
8901031,INV-00787,2026-07-18,5,85,0,425
8901033,INV-00899,2026-07-18,1,155,0,155
8901035,INV-01052,2026-07-18,3,19,5.7,51.3
8901035,INV-01054,2026-07-18,5,19,0,95
8901051,INV-01164,2026-07-18,2,270,0,540
8901052,INV-01219,2026-07-18,1,180,0,180
8901054,INV-01258,2026-07-18,1,172,0,172
8901055,INV-01327,2026-07-18,1,94,0,94
8901059,INV-01450,2026-07-18,2,270,0,540
8901060,INV-01456,2026-07-18,3,348,52.2,991.8
8901060,INV-01457,2026-07-18,3,348,0,1044
8901061,INV-01511,2026-07-18,2,42,8.4,75.6
8901064,INV-01633,2026-07-18,1,176,17.6,158.4
8901002,INV-00137,2026-07-19,5,52,0,260
8901002,INV-00155,2026-07-19,2,52,0,104
8901002,INV-00209,2026-07-19,5,52,13.0,247.0
8901003,INV-00289,2026-07-19,5,272,136.0,1224.0
8901005,INV-00390,2026-07-19,3,128,0,384
8901012,INV-00565,2026-07-19,1,42,0,42
8901020,INV-00636,2026-07-19,1,56,0,56
8901021,INV-00664,2026-07-19,2,58,0,116
8901030,INV-00747,2026-07-19,1,20,0,20
8901031,INV-00767,2026-07-19,1,85,8.5,76.5
8901031,INV-00788,2026-07-19,2,85,8.5,161.5
8901032,INV-00826,2026-07-19,5,158,79.0,711.0
8901032,INV-00861,2026-07-19,4,158,0,632
8901034,INV-00985,2026-07-19,5,42,0,210
8901035,INV-01002,2026-07-19,2,19,0,38
8901050,INV-01110,2026-07-19,3,32,4.8,91.2
8901050,INV-01125,2026-07-19,3,32,0,96
8901051,INV-01169,2026-07-19,1,270,0,270
8901052,INV-01227,2026-07-19,2,180,0,360
8901054,INV-01300,2026-07-19,1,172,17.2,154.8
8901056,INV-01353,2026-07-19,2,395,0,790
8901057,INV-01376,2026-07-19,2,165,0,330
8901058,INV-01411,2026-07-19,1,205,0,205
8901061,INV-01507,2026-07-19,1,42,4.2,37.8
8901061,INV-01508,2026-07-19,3,42,6.3,119.7
8901066,INV-01682,2026-07-19,1,56,0,56
8901002,INV-00183,2026-07-20,1,52,0,52
8901002,INV-00215,2026-07-20,4,52,0,208
8901003,INV-00283,2026-07-20,3,272,0,816
8901004,INV-00324,2026-07-20,5,28,0,140
8901005,INV-00411,2026-07-20,1,128,0,128
8901012,INV-00551,2026-07-20,1,42,2.1,39.9
8901020,INV-00641,2026-07-20,1,56,0,56
8901032,INV-00843,2026-07-20,3,158,0,474
8901032,INV-00866,2026-07-20,5,158,79.0,711.0
8901033,INV-00885,2026-07-20,1,155,7.75,147.25
8901034,INV-00962,2026-07-20,3,42,0,126
8901035,INV-01083,2026-07-20,2,19,1.9,36.1
8901050,INV-01130,2026-07-20,5,32,0,160
8901051,INV-01191,2026-07-20,1,270,0,270
8901053,INV-01241,2026-07-20,1,705,35.25,669.75
8901054,INV-01271,2026-07-20,2,172,0,344
8901061,INV-01477,2026-07-20,1,42,0,42
8901061,INV-01487,2026-07-20,1,42,0,42
8901062,INV-01534,2026-07-20,5,23,11.5,103.5
8901062,INV-01563,2026-07-20,2,23,0,46
8901062,INV-01597,2026-07-20,2,23,0,46
8901063,INV-01631,2026-07-20,2,38,0,76
8901001,INV-00007,2026-07-21,2,68,0,136
8901001,INV-00048,2026-07-21,5,68,34.0,306.0
8901002,INV-00127,2026-07-21,2,52,0,104
8901002,INV-00180,2026-07-21,3,52,0,156
8901003,INV-00258,2026-07-21,3,272,0,816
8901003,INV-00287,2026-07-21,2,272,0,544
8901005,INV-00397,2026-07-21,2,128,0,256
8901005,INV-00407,2026-07-21,1,128,0,128
8901005,INV-00408,2026-07-21,3,128,0,384
8901006,INV-00432,2026-07-21,1,118,0,118
8901006,INV-00446,2026-07-21,1,118,5.9,112.1
8901013,INV-00588,2026-07-21,2,92,0,184
8901013,INV-00604,2026-07-21,3,92,13.8,262.2
8901021,INV-00658,2026-07-21,2,58,0,116
8901035,INV-01030,2026-07-21,3,19,0,57
8901035,INV-01063,2026-07-21,3,19,2.85,54.15
8901056,INV-01362,2026-07-21,3,395,0,1185
8901059,INV-01426,2026-07-21,1,270,0,270
8901061,INV-01478,2026-07-21,3,42,12.6,113.4
8901061,INV-01490,2026-07-21,1,42,4.2,37.8
8901061,INV-01516,2026-07-21,2,42,0,84
8901061,INV-01526,2026-07-21,1,42,4.2,37.8
8901065,INV-01676,2026-07-21,1,128,6.4,121.6
8901001,INV-00018,2026-07-22,3,68,0,204
8901002,INV-00148,2026-07-22,5,52,0,260
8901003,INV-00269,2026-07-22,3,272,40.8,775.2
8901003,INV-00295,2026-07-22,5,272,0,1360
8901004,INV-00326,2026-07-22,2,28,0,56
8901004,INV-00348,2026-07-22,5,28,0,140
8901005,INV-00370,2026-07-22,2,128,0,256
8901005,INV-00374,2026-07-22,2,128,12.8,243.2
8901012,INV-00536,2026-07-22,1,42,0,42
8901020,INV-00649,2026-07-22,1,56,0,56
8901021,INV-00656,2026-07-22,2,58,11.6,104.4
8901030,INV-00683,2026-07-22,1,20,0,20
8901030,INV-00752,2026-07-22,2,20,0,40
8901033,INV-00889,2026-07-22,3,155,0,465
8901035,INV-01003,2026-07-22,5,19,0,95
8901035,INV-01029,2026-07-22,2,19,0,38
8901050,INV-01152,2026-07-22,4,32,0,128
8901052,INV-01202,2026-07-22,3,180,0,540
8901054,INV-01267,2026-07-22,3,172,25.8,490.2
8901054,INV-01285,2026-07-22,2,172,0,344
8901055,INV-01328,2026-07-22,2,94,0,188
8901059,INV-01436,2026-07-22,1,270,0,270
8901061,INV-01493,2026-07-22,1,42,0,42
8901064,INV-01638,2026-07-22,1,176,17.6,158.4
8901066,INV-01705,2026-07-22,2,56,0,112
8901001,INV-00045,2026-07-23,5,68,0,340
8901001,INV-00099,2026-07-23,2,68,13.6,122.4
8901001,INV-00110,2026-07-23,5,68,34.0,306.0
8901003,INV-00265,2026-07-23,1,272,0,272
8901004,INV-00313,2026-07-23,3,28,0,84
8901004,INV-00328,2026-07-23,1,28,2.8,25.2
8901004,INV-00353,2026-07-23,1,28,1.4,26.6
8901011,INV-00513,2026-07-23,3,99,14.85,282.15
8901013,INV-00596,2026-07-23,2,92,0,184
8901013,INV-00611,2026-07-23,1,92,0,92
8901032,INV-00824,2026-07-23,1,158,0,158
8901033,INV-00904,2026-07-23,1,155,0,155
8901034,INV-00946,2026-07-23,2,42,0,84
8901034,INV-00963,2026-07-23,3,42,6.3,119.7
8901034,INV-00991,2026-07-23,2,42,0,84
8901035,INV-01021,2026-07-23,5,19,0,95
8901035,INV-01069,2026-07-23,2,19,0,38
8901052,INV-01200,2026-07-23,1,180,18.0,162.0
8901053,INV-01239,2026-07-23,1,705,0,705
8901054,INV-01278,2026-07-23,1,172,8.6,163.4
8901056,INV-01350,2026-07-23,1,395,19.75,375.25
8901057,INV-01373,2026-07-23,1,165,0,165
8901060,INV-01466,2026-07-23,2,348,0,696
8901063,INV-01600,2026-07-23,1,38,0,38
8901063,INV-01628,2026-07-23,1,38,0,38
8901002,INV-00156,2026-07-24,3,52,0,156
8901003,INV-00240,2026-07-24,2,272,0,544
8901006,INV-00451,2026-07-24,2,118,0,236
8901021,INV-00653,2026-07-24,1,58,0,58
8901021,INV-00665,2026-07-24,1,58,5.8,52.2
8901030,INV-00686,2026-07-24,3,20,6.0,54.0
8901030,INV-00727,2026-07-24,2,20,2.0,38.0
8901031,INV-00757,2026-07-24,5,85,42.5,382.5
8901031,INV-00773,2026-07-24,4,85,0,340
8901031,INV-00807,2026-07-24,5,85,0,425
8901035,INV-01045,2026-07-24,1,19,0,19
8901050,INV-01113,2026-07-24,2,32,3.2,60.8
8901051,INV-01180,2026-07-24,2,270,0,540
8901052,INV-01201,2026-07-24,2,180,0,360
8901052,INV-01221,2026-07-24,1,180,0,180
8901052,INV-01222,2026-07-24,3,180,0,540
8901054,INV-01266,2026-07-24,1,172,17.2,154.8
8901061,INV-01499,2026-07-24,2,42,0,84
8901061,INV-01501,2026-07-24,3,42,0,126
8901062,INV-01573,2026-07-24,2,23,0,46
8901066,INV-01681,2026-07-24,1,56,5.6,50.4
8901001,INV-00050,2026-07-25,2,68,6.8,129.2
8901002,INV-00131,2026-07-25,4,52,0,208
8901002,INV-00176,2026-07-25,3,52,0,156
8901002,INV-00199,2026-07-25,3,52,0,156
8901002,INV-00205,2026-07-25,3,52,7.8,148.2
8901003,INV-00236,2026-07-25,4,272,0,1088
8901010,INV-00478,2026-07-25,1,90,9.0,81.0
8901011,INV-00494,2026-07-25,2,99,19.8,178.2
8901030,INV-00679,2026-07-25,3,20,0,60
8901035,INV-01053,2026-07-25,3,19,5.7,51.3
8901050,INV-01137,2026-07-25,4,32,0,128
8901050,INV-01154,2026-07-25,5,32,0,160
8901054,INV-01269,2026-07-25,1,172,17.2,154.8
8901057,INV-01377,2026-07-25,1,165,0,165
8901057,INV-01378,2026-07-25,1,165,16.5,148.5
8901060,INV-01467,2026-07-25,1,348,0,348
8901062,INV-01599,2026-07-25,3,23,0,69
8901063,INV-01602,2026-07-25,2,38,3.8,72.2
8901063,INV-01615,2026-07-25,1,38,0,38
8901001,INV-00108,2026-07-26,2,68,0,136
8901002,INV-00201,2026-07-26,4,52,20.8,187.2
8901002,INV-00223,2026-07-26,2,52,0,104
8901003,INV-00288,2026-07-26,2,272,0,544
8901005,INV-00380,2026-07-26,1,128,0,128
8901005,INV-00393,2026-07-26,1,128,6.4,121.6
8901005,INV-00406,2026-07-26,2,128,12.8,243.2
8901011,INV-00506,2026-07-26,1,99,0,99
8901012,INV-00535,2026-07-26,1,42,0,42
8901012,INV-00558,2026-07-26,1,42,0,42
8901013,INV-00571,2026-07-26,2,92,0,184
8901013,INV-00581,2026-07-26,2,92,9.2,174.8
8901013,INV-00613,2026-07-26,2,92,9.2,174.8
8901013,INV-00619,2026-07-26,2,92,18.4,165.6
8901020,INV-00628,2026-07-26,1,56,0,56
8901030,INV-00717,2026-07-26,5,20,0,100
8901031,INV-00769,2026-07-26,1,85,8.5,76.5
8901031,INV-00813,2026-07-26,2,85,0,170
8901034,INV-00936,2026-07-26,3,42,0,126
8901050,INV-01128,2026-07-26,2,32,0,64
8901050,INV-01136,2026-07-26,1,32,0,32
8901052,INV-01220,2026-07-26,1,180,0,180
8901053,INV-01246,2026-07-26,1,705,0,705
8901054,INV-01262,2026-07-26,1,172,0,172
8901061,INV-01515,2026-07-26,3,42,0,126
8901061,INV-01522,2026-07-26,2,42,4.2,79.8
8901062,INV-01566,2026-07-26,2,23,2.3,43.7
8901062,INV-01575,2026-07-26,2,23,2.3,43.7
8901065,INV-01661,2026-07-26,1,128,0,128
8901065,INV-01669,2026-07-26,1,128,12.8,115.2
8901001,INV-00034,2026-07-27,2,68,13.6,122.4
8901001,INV-00039,2026-07-27,3,68,0,204
8901001,INV-00078,2026-07-27,2,68,13.6,122.4
8901003,INV-00291,2026-07-27,2,272,27.2,516.8
8901004,INV-00325,2026-07-27,2,28,5.6,50.4
8901004,INV-00357,2026-07-27,4,28,0,112
8901005,INV-00373,2026-07-27,2,128,0,256
8901005,INV-00410,2026-07-27,1,128,6.4,121.6
8901006,INV-00428,2026-07-27,2,118,23.6,212.4
8901006,INV-00447,2026-07-27,3,118,0,354
8901013,INV-00580,2026-07-27,1,92,4.6,87.4
8901032,INV-00860,2026-07-27,2,158,0,316
8901034,INV-00969,2026-07-27,3,42,0,126
8901035,INV-01090,2026-07-27,2,19,0,38
8901050,INV-01146,2026-07-27,2,32,0,64
8901053,INV-01238,2026-07-27,1,705,0,705
8901001,INV-00020,2026-07-28,1,68,0,68
8901001,INV-00036,2026-07-28,2,68,0,136
8901001,INV-00113,2026-07-28,2,68,6.8,129.2
8901003,INV-00231,2026-07-28,1,272,0,272
8901003,INV-00253,2026-07-28,4,272,0,1088
8901003,INV-00256,2026-07-28,5,272,0,1360
8901004,INV-00310,2026-07-28,4,28,5.6,106.4
8901005,INV-00378,2026-07-28,1,128,0,128
8901011,INV-00531,2026-07-28,2,99,0,198
8901012,INV-00557,2026-07-28,3,42,0,126
8901021,INV-00667,2026-07-28,1,58,0,58
8901030,INV-00695,2026-07-28,3,20,3.0,57.0
8901031,INV-00755,2026-07-28,3,85,25.5,229.5
8901032,INV-00837,2026-07-28,4,158,63.2,568.8
8901032,INV-00872,2026-07-28,3,158,0,474
8901033,INV-00891,2026-07-28,1,155,15.5,139.5
8901034,INV-00976,2026-07-28,2,42,0,84
8901050,INV-01123,2026-07-28,5,32,0,160
8901050,INV-01139,2026-07-28,3,32,4.8,91.2
8901051,INV-01158,2026-07-28,1,270,0,270
8901053,INV-01249,2026-07-28,1,705,0,705
8901054,INV-01303,2026-07-28,1,172,0,172
8901055,INV-01339,2026-07-28,2,94,0,188
8901061,INV-01521,2026-07-28,2,42,4.2,79.8
8901062,INV-01556,2026-07-28,2,23,0,46
8901063,INV-01601,2026-07-28,1,38,0,38
8901001,INV-00105,2026-07-29,3,68,20.4,183.6
8901002,INV-00168,2026-07-29,5,52,26.0,234.0
8901003,INV-00233,2026-07-29,2,272,54.4,489.6
8901003,INV-00251,2026-07-29,3,272,0,816
8901003,INV-00271,2026-07-29,2,272,0,544
8901005,INV-00389,2026-07-29,1,128,0,128
8901011,INV-00512,2026-07-29,3,99,0,297
8901021,INV-00661,2026-07-29,1,58,0,58
8901031,INV-00756,2026-07-29,3,85,0,255
8901032,INV-00838,2026-07-29,4,158,63.2,568.8
8901033,INV-00881,2026-07-29,1,155,7.75,147.25
8901033,INV-00922,2026-07-29,3,155,0,465
8901033,INV-00925,2026-07-29,2,155,0,310
8901034,INV-00970,2026-07-29,3,42,6.3,119.7
8901034,INV-00993,2026-07-29,2,42,0,84
8901035,INV-01014,2026-07-29,3,19,0,57
8901050,INV-01149,2026-07-29,3,32,0,96
8901054,INV-01263,2026-07-29,1,172,0,172
8901054,INV-01282,2026-07-29,1,172,0,172
8901054,INV-01298,2026-07-29,1,172,8.6,163.4
8901054,INV-01301,2026-07-29,2,172,0,344
8901057,INV-01375,2026-07-29,2,165,0,330
8901058,INV-01401,2026-07-29,1,205,0,205
8901062,INV-01562,2026-07-29,3,23,6.9,62.1
8901066,INV-01710,2026-07-29,1,56,0,56
8901001,INV-00024,2026-07-30,3,68,0,204
8901006,INV-00450,2026-07-30,2,118,23.6,212.4
8901010,INV-00480,2026-07-30,1,90,0,90
8901012,INV-00568,2026-07-30,1,42,0,42
8901013,INV-00583,2026-07-30,3,92,0,276
8901020,INV-00634,2026-07-30,2,56,0,112
8901030,INV-00687,2026-07-30,3,20,0,60
8901030,INV-00704,2026-07-30,3,20,3.0,57.0
8901031,INV-00759,2026-07-30,1,85,0,85
8901031,INV-00816,2026-07-30,2,85,0,170
8901032,INV-00857,2026-07-30,2,158,31.6,284.4
8901035,INV-01067,2026-07-30,2,19,1.9,36.1
8901035,INV-01085,2026-07-30,2,19,0,38
8901051,INV-01163,2026-07-30,1,270,0,270
8901053,INV-01243,2026-07-30,1,705,0,705
8901054,INV-01272,2026-07-30,1,172,0,172
8901054,INV-01280,2026-07-30,3,172,25.8,490.2
8901062,INV-01546,2026-07-30,2,23,0,46
8901062,INV-01560,2026-07-30,3,23,3.45,65.55
8901064,INV-01646,2026-07-30,2,176,0,352
8901066,INV-01719,2026-07-30,3,56,0,168
8901010,INV-01728,2026-07-30,4,90,0,360
8901031,INV-01735,2026-07-30,4,85,0,340
8901001,INV-00006,2026-07-31,1,68,3.4,64.6
8901001,INV-00092,2026-07-31,4,68,13.6,258.4
8901002,INV-00132,2026-07-31,2,52,5.2,98.8
8901003,INV-00261,2026-07-31,4,272,54.4,1033.6
8901004,INV-00304,2026-07-31,5,28,0,140
8901006,INV-00452,2026-07-31,2,118,0,236
8901010,INV-00486,2026-07-31,1,90,0,90
8901011,INV-00525,2026-07-31,2,99,0,198
8901013,INV-00599,2026-07-31,3,92,27.6,248.4
8901031,INV-00758,2026-07-31,3,85,0,255
8901034,INV-00990,2026-07-31,1,42,2.1,39.9
8901035,INV-01028,2026-07-31,1,19,0,19
8901035,INV-01057,2026-07-31,4,19,0,76
8901050,INV-01148,2026-07-31,1,32,3.2,28.8
8901056,INV-01363,2026-07-31,2,395,39.5,750.5
8901061,INV-01528,2026-07-31,1,42,0,42
8901062,INV-01550,2026-07-31,5,23,0,115
8901062,INV-01561,2026-07-31,2,23,2.3,43.7
8901064,INV-01648,2026-07-31,2,176,35.2,316.8
8901006,INV-01727,2026-07-31,3,118,0,354
8901030,INV-01734,2026-07-31,2,20,0,40
8901002,INV-00169,2026-08-01,4,52,10.4,197.6
8901002,INV-00224,2026-08-01,2,52,0,104
8901004,INV-00349,2026-08-01,3,28,0,84
8901005,INV-00396,2026-08-01,1,128,6.4,121.6
8901011,INV-00527,2026-08-01,3,99,0,297
8901013,INV-00603,2026-08-01,3,92,0,276
8901030,INV-00674,2026-08-01,1,20,1.0,19.0
8901030,INV-00743,2026-08-01,2,20,0,40
8901031,INV-00771,2026-08-01,5,85,0,425
8901031,INV-00811,2026-08-01,1,85,0,85
8901034,INV-00966,2026-08-01,3,42,0,126
8901035,INV-01031,2026-08-01,1,19,0,19
8901050,INV-01122,2026-08-01,3,32,0,96
8901051,INV-01173,2026-08-01,3,270,0,810
8901052,INV-01218,2026-08-01,2,180,36.0,324.0
8901055,INV-01334,2026-08-01,1,94,4.7,89.3
8901061,INV-01520,2026-08-01,1,42,0,42
8901063,INV-01619,2026-08-01,2,38,0,76
8901064,INV-01645,2026-08-01,1,176,0,176
8901005,INV-01726,2026-08-01,4,128,0,512
8901021,INV-01733,2026-08-01,3,58,0,174
8901001,INV-00009,2026-08-02,4,68,27.2,244.8
8901001,INV-00014,2026-08-02,4,68,13.6,258.4
8901001,INV-00082,2026-08-02,2,68,6.8,129.2
8901001,INV-00096,2026-08-02,2,68,13.6,122.4
8901001,INV-00121,2026-08-02,3,68,10.2,193.8
8901001,INV-00122,2026-08-02,3,68,20.4,183.6
8901003,INV-00259,2026-08-02,3,272,0,816
8901010,INV-00483,2026-08-02,2,90,0,180
8901020,INV-00633,2026-08-02,3,56,16.8,151.2
8901020,INV-00635,2026-08-02,1,56,0,56
8901030,INV-00745,2026-08-02,5,20,10.0,90.0
8901031,INV-00761,2026-08-02,5,85,0,425
8901032,INV-00870,2026-08-02,2,158,0,316
8901033,INV-00878,2026-08-02,1,155,0,155
8901033,INV-00879,2026-08-02,1,155,0,155
8901033,INV-00905,2026-08-02,2,155,0,310
8901033,INV-00921,2026-08-02,2,155,0,310
8901034,INV-00944,2026-08-02,3,42,0,126
8901034,INV-00958,2026-08-02,1,42,0,42
8901034,INV-00988,2026-08-02,5,42,0,210
8901035,INV-01047,2026-08-02,4,19,0,76
8901050,INV-01103,2026-08-02,3,32,0,96
8901050,INV-01138,2026-08-02,4,32,0,128
8901051,INV-01172,2026-08-02,1,270,0,270
8901052,INV-01224,2026-08-02,3,180,0,540
8901053,INV-01245,2026-08-02,2,705,0,1410
8901055,INV-01321,2026-08-02,3,94,0,282
8901059,INV-01418,2026-08-02,2,270,0,540
8901061,INV-01531,2026-08-02,1,42,0,42
8901062,INV-01541,2026-08-02,3,23,0,69
8901004,INV-01725,2026-08-02,1,28,0,28
8901020,INV-01732,2026-08-02,2,56,0,112
8901001,INV-00106,2026-08-03,5,68,0,340
8901002,INV-00130,2026-08-03,4,52,0,208
8901002,INV-00204,2026-08-03,3,52,0,156
8901003,INV-00274,2026-08-03,4,272,0,1088
8901004,INV-00323,2026-08-03,3,28,4.2,79.8
8901004,INV-00356,2026-08-03,3,28,0,84
8901005,INV-00372,2026-08-03,3,128,19.2,364.8
8901012,INV-00547,2026-08-03,1,42,4.2,37.8
8901020,INV-00631,2026-08-03,1,56,0,56
8901030,INV-00719,2026-08-03,3,20,0,60
8901030,INV-00726,2026-08-03,2,20,0,40
8901031,INV-00784,2026-08-03,3,85,0,255
8901032,INV-00855,2026-08-03,5,158,0,790
8901033,INV-00901,2026-08-03,3,155,23.25,441.75
8901034,INV-00934,2026-08-03,5,42,21.0,189.0
8901035,INV-01041,2026-08-03,5,19,0,95
8901035,INV-01058,2026-08-03,5,19,0,95
8901035,INV-01081,2026-08-03,3,19,0,57
8901051,INV-01156,2026-08-03,1,270,0,270
8901055,INV-01308,2026-08-03,2,94,0,188
8901056,INV-01340,2026-08-03,1,395,39.5,355.5
8901057,INV-01371,2026-08-03,1,165,0,165
8901003,INV-01724,2026-08-03,3,272,0,816
8901013,INV-01731,2026-08-03,4,92,0,368
8901001,INV-00118,2026-08-04,1,68,3.4,64.6
8901002,INV-00191,2026-08-04,3,52,15.6,140.4
8901002,INV-00208,2026-08-04,5,52,0,260
8901004,INV-00335,2026-08-04,2,28,0,56
8901004,INV-00355,2026-08-04,2,28,5.6,50.4
8901012,INV-00541,2026-08-04,1,42,2.1,39.9
8901012,INV-00555,2026-08-04,2,42,0,84
8901013,INV-00589,2026-08-04,1,92,4.6,87.4
8901013,INV-00597,2026-08-04,2,92,0,184
8901032,INV-00821,2026-08-04,1,158,0,158
8901032,INV-00867,2026-08-04,3,158,0,474
8901033,INV-00897,2026-08-04,1,155,0,155
8901034,INV-00955,2026-08-04,2,42,0,84
8901034,INV-01000,2026-08-04,4,42,16.8,151.2
8901035,INV-01033,2026-08-04,5,19,0,95
8901035,INV-01066,2026-08-04,2,19,0,38
8901050,INV-01129,2026-08-04,4,32,0,128
8901052,INV-01207,2026-08-04,1,180,0,180
8901055,INV-01330,2026-08-04,1,94,0,94
8901058,INV-01408,2026-08-04,1,205,0,205
8901060,INV-01474,2026-08-04,3,348,0,1044
8901061,INV-01481,2026-08-04,2,42,0,84
8901061,INV-01500,2026-08-04,1,42,0,42
8901062,INV-01554,2026-08-04,3,23,0,69
8901002,INV-01723,2026-08-04,4,52,0,208
8901012,INV-01730,2026-08-04,1,42,0,42
8901001,INV-01722,2026-08-05,1,68,0,68
8901011,INV-01729,2026-08-05,2,99,0,198
